t_start,t_end,pos_x,pos_y
191762,192042,1217.0,995.2000122070312
192067,192169,1246.5999755859375,991.0
192320,192584,1260.800048828125,984.7000122070312
192611,192819,1209.5,978.2000122070312
192847,193128,1253.9000244140625,979.2000122070312
193155,193352,1213.5999755859375,981.7000122070312
193377,193976,1242.0999755859375,982.7000122070312
194001,194220,1211.800048828125,986.5999755859375
194247,194463,1251.5999755859375,985.0999755859375
194492,196966,1216.800048828125,990.0999755859375
196993,197175,1265.0,1014.0999755859375
197202,197383,1262.5999755859375,1055.0
197403,199085,1270.800048828125,1071.199951171875
200277,200392,1201.0999755859375,960.9000244140625
200417,200883,1208.800048828125,974.0999755859375
200891,202882,1216.9000244140625,976.4000244140625
204676,205246,1210.300048828125,962.7999877929688
205271,205757,1196.800048828125,1016.4000244140625
205776,205952,1196.5,1036.699951171875
206000,206306,1260.800048828125,944.0999755859375
206346,206562,1190.199951171875,967.7999877929688
206584,206738,1166.4000244140625,972.5999755859375
206767,206939,1153.800048828125,927.0999755859375
206974,207206,1234.0,895.7999877929688
207227,208747,1253.9000244140625,908.2000122070312
209591,209806,1232.800048828125,916.0
209832,211318,1206.5,967.0
211350,211587,1257.5999755859375,955.5
211612,211826,1265.9000244140625,1001.5
211848,213933,1278.800048828125,988.2000122070312
215901,216539,1213.199951171875,974.2000122070312
216560,216720,1190.5,1001.7000122070312
216747,218953,1234.199951171875,1042.9000244140625
219847,220200,1218.699951171875,953.2000122070312
220220,221065,1206.5999755859375,969.0
221084,221295,1211.300048828125,1002.4000244140625
221320,221582,1229.300048828125,1042.9000244140625
221608,221888,1193.4000244140625,1035.5999755859375
221934,222352,1147.300048828125,936.0
222391,222700,1255.5,916.0
222725,222818,1275.199951171875,894.9000244140625
222844,224701,1277.5,957.9000244140625
225489,225792,1241.0,976.4000244140625
225815,226400,1200.0,965.5
226412,226660,1205.199951171875,964.5999755859375
226685,228049,1176.800048828125,989.0
229088,229233,1240.800048828125,942.5
229259,230399,1206.699951171875,966.7000122070312
230429,230738,1222.800048828125,1030.4000244140625
230769,231078,1170.300048828125,1031.699951171875
231118,231446,1177.0999755859375,939.7999877929688
231485,231726,1269.9000244140625,924.0
231747,231925,1281.699951171875,945.2000122070312
231937,233357,1290.0999755859375,945.7000122070312
234196,234689,1204.300048828125,965.5
234709,234988,1212.199951171875,966.5
235138,235424,1197.9000244140625,969.2000122070312
235449,236809,1234.800048828125,978.2999877929688
237147,237217,1237.5999755859375,977.4000244140625
237376,238023,1212.0999755859375,964.7999877929688
238440,238821,1204.9000244140625,973.7000122070312
238845,239046,1233.800048828125,969.5
239066,240283,1252.0999755859375,968.5999755859375
240466,240498,1212.699951171875,970.0999755859375
241242,241671,1224.199951171875,973.7000122070312
241693,241989,1197.800048828125,958.5999755859375
242001,242357,1206.800048828125,963.0
242377,242552,1225.199951171875,984.0
242588,244331,1153.199951171875,918.2999877929688
245224,246430,1212.199951171875,970.9000244140625
246453,246625,1218.4000244140625,1017.2999877929688
246653,246949,1261.800048828125,1020.9000244140625
246968,247226,1248.9000244140625,1049.5999755859375
247256,247281,1283.199951171875,945.2000122070312
247293,247552,1274.199951171875,903.2000122070312
247572,248939,1287.5999755859375,906.2999877929688
249926,251216,1205.9000244140625,965.5999755859375
251238,251401,1226.5999755859375,982.2999877929688
251422,251761,1240.699951171875,1025.0999755859375
251802,252091,1280.4000244140625,952.0
252118,252334,1291.9000244140625,911.2999877929688
252377,252647,1166.5,920.2999877929688
252679,253039,1221.5999755859375,943.7000122070312
253109,253497,1201.4000244140625,1053.9000244140625
253543,253853,1283.699951171875,1042.9000244140625
253885,254261,1317.0,995.2000122070312
254304,254757,1301.699951171875,928.0999755859375
254798,255000,1200.9000244140625,883.2000122070312
255023,256111,1212.5,883.9000244140625
257153,257557,1207.300048828125,952.2000122070312
257580,258419,1211.300048828125,967.9000244140625
258444,258915,1210.0,1014.5999755859375
258961,259225,1130.800048828125,920.5999755859375
259246,260339,1120.199951171875,934.0999755859375
261493,261919,1208.5,949.5
261930,262935,1203.300048828125,962.2000122070312
262957,263315,1210.9000244140625,1008.5
263356,263557,1156.800048828125,926.2000122070312
263603,263684,1138.0999755859375,967.7999877929688
263707,264112,1139.5999755859375,987.9000244140625
264160,264362,1244.800048828125,898.7999877929688
264388,264539,1276.5999755859375,882.7000122070312
264578,264787,1188.5999755859375,913.2000122070312
264823,265230,1284.199951171875,933.2999877929688
265274,265587,1212.5,913.7999877929688
265603,266489,1220.800048828125,894.7999877929688
266760,267033,1216.4000244140625,933.4000244140625
267047,267638,1212.0,962.2999877929688
267647,268616,1211.199951171875,977.7999877929688
268634,268887,1207.9000244140625,967.0999755859375
268912,269047,1203.300048828125,1003.5
269072,269473,1197.5,1037.699951171875
269506,269822,1255.0999755859375,1049.0999755859375
269842,271165,1239.5,1059.5
272034,272170,1215.699951171875,936.7000122070312
272199,273116,1193.9000244140625,970.7000122070312
273129,273440,1206.800048828125,968.2000122070312
273477,274658,1290.0,965.5
276104,277124,1201.4000244140625,959.2999877929688
277147,277377,1194.800048828125,990.5
277401,277754,1190.9000244140625,1027.4000244140625
277781,278209,1230.0999755859375,1046.0999755859375
278257,278480,1298.4000244140625,945.0999755859375
278503,278798,1275.800048828125,956.5999755859375
278821,279287,1306.4000244140625,959.2000122070312
279328,279683,1209.199951171875,906.7999877929688
279707,279996,1229.9000244140625,911.2000122070312
280022,280345,1234.0999755859375,882.7000122070312
280363,281485,1229.9000244140625,868.7999877929688
282675,283756,1203.4000244140625,973.9000244140625
283779,283969,1223.5,964.7999877929688
283976,284879,1231.0999755859375,959.4000244140625
285118,285243,1244.0999755859375,905.2999877929688
286028,287376,1207.9000244140625,977.2000122070312
287407,287470,1151.800048828125,970.7000122070312
287513,287538,1096.0999755859375,953.0999755859375
287575,287706,1142.0999755859375,970.0
287731,288526,1115.9000244140625,960.7999877929688
289693,290878,1209.699951171875,957.7000122070312
290887,290975,1196.199951171875,975.2999877929688
291005,291391,1236.699951171875,1034.0999755859375
291430,291728,1155.5999755859375,954.4000244140625
291759,291942,1182.800048828125,914.7000122070312
291976,292272,1256.5,898.2999877929688
292296,292450,1279.0999755859375,921.0
292494,292810,1280.5,982.4000244140625
292842,293008,1255.199951171875,939.9000244140625
293026,293227,1257.9000244140625,957.7999877929688
293238,294648,1259.699951171875,951.0
294828,296141,1213.699951171875,968.5
296267,296755,1206.199951171875,968.2000122070312
296787,297010,1164.5999755859375,982.4000244140625
297049,297406,1263.4000244140625,963.5
297433,297626,1290.199951171875,953.0
297650,297999,1307.5999755859375,981.2000122070312
298021,298208,1287.0,975.5
298252,298590,1269.0999755859375,896.9000244140625
298616,300130,1234.9000244140625,868.7000122070312
300734,300916,1221.300048828125,948.4000244140625
300946,301212,1186.800048828125,983.4000244140625
301236,302121,1199.4000244140625,962.0999755859375
302141,302307,1194.300048828125,984.7000122070312
302339,302622,1261.5,977.2999877929688
302664,303161,1146.9000244140625,992.0
303208,303524,1213.199951171875,904.7000122070312
303552,303864,1245.699951171875,912.2999877929688
303940,304271,1214.5999755859375,1039.0
304292,304498,1208.5,1059.199951171875
304540,304798,1277.9000244140625,998.7999877929688
304830,305077,1295.300048828125,958.7000122070312
305124,305325,1278.0999755859375,1013.5
305360,305622,1285.300048828125,949.2000122070312
305634,305929,1281.0,965.7000122070312
305956,306082,1292.0,1006.4000244140625
306107,306476,1281.5,1034.699951171875
306500,306706,1254.199951171875,1043.0
306748,307044,1161.0,1009.4000244140625
307079,307467,1134.800048828125,952.9000244140625
307488,307605,1146.199951171875,935.0999755859375
307633,308800,1142.800048828125,902.2000122070312
308813,308984,1161.300048828125,898.0
309202,310796,1223.9000244140625,971.7000122070312
310816,311093,1211.199951171875,968.4000244140625
311119,311314,1216.4000244140625,1014.0
311332,312460,1224.5,1033.699951171875
312679,313054,1234.199951171875,1002.7999877929688
313081,314606,1216.5,958.0999755859375
314620,314883,1217.0,985.7999877929688
314908,315901,1224.199951171875,1049.9000244140625
316163,316308,1213.300048828125,950.9000244140625
316320,318997,1216.699951171875,971.2999877929688
319022,319226,1225.9000244140625,1012.0999755859375
319245,319435,1222.300048828125,1044.5
319470,319932,1174.4000244140625,990.5
319961,320173,1218.199951171875,994.5
320223,320567,1193.5,896.2000122070312
320598,320848,1252.300048828125,914.9000244140625
320873,321053,1284.0999755859375,924.2000122070312
321073,322130,1292.800048828125,924.5
322161,322476,1192.9000244140625,963.5999755859375
322496,324532,1205.800048828125,969.2999877929688
324539,324736,1214.199951171875,994.7000122070312
324774,325285,1138.699951171875,928.2000122070312
325335,325594,1257.800048828125,909.7000122070312
325625,325815,1271.5999755859375,962.7000122070312
325839,325987,1255.4000244140625,999.5999755859375
326013,326168,1285.699951171875,1021.7000122070312
326184,327210,1292.0,1033.0
327227,327250,1259.699951171875,1016.2999877929688
327528,329701,1215.0999755859375,967.0999755859375
329719,329796,1211.4000244140625,999.7999877929688
329826,331006,1181.4000244140625,1032.699951171875
331025,331070,1227.699951171875,1007.5999755859375
331300,333469,1210.199951171875,971.4000244140625
333490,333610,1213.9000244140625,1004.0999755859375
333651,333779,1215.800048828125,907.2999877929688
333798,334752,1213.199951171875,925.7000122070312
334996,337064,1212.9000244140625,981.5999755859375
337090,337285,1214.5,1021.9000244140625
337310,337539,1219.300048828125,1053.5999755859375
337587,337823,1254.199951171875,940.5999755859375
337851,338088,1284.300048828125,970.0
338101,339291,1291.9000244140625,968.0999755859375
339551,341459,1219.5999755859375,966.7999877929688
341483,341749,1219.800048828125,1011.0
341799,342160,1161.300048828125,920.7999877929688
342198,342424,1255.0,924.9000244140625
342451,342742,1292.199951171875,921.2000122070312
342764,343084,1307.0,936.2999877929688
343096,343739,1314.699951171875,938.5999755859375
343774,344256,1262.5999755859375,954.0999755859375
344284,346428,1211.4000244140625,970.5
346452,346609,1191.0,997.5999755859375
346632,346973,1210.199951171875,1042.0
347007,347222,1276.5,1035.0999755859375
347273,347566,1268.800048828125,932.4000244140625
347587,348674,1270.4000244140625,915.2000122070312
348893,349811,1207.5,961.2999877929688
349817,351009,1209.699951171875,973.7000122070312
351037,351312,1164.9000244140625,969.9000244140625
351347,351567,1234.300048828125,962.0
351729,351782,1195.0,957.5
352390,352589,1214.800048828125,979.2999877929688
352714,353149,1204.4000244140625,966.2000122070312
353171,354240,1207.199951171875,947.0999755859375
354266,356349,1218.4000244140625,975.0
356375,356583,1226.5,1008.5
356611,356852,1239.5999755859375,1053.0
356859,357235,1229.0999755859375,1050.300048828125
357265,357534,1276.4000244140625,991.2000122070312
357559,357854,1304.9000244140625,999.2000122070312
357866,358220,1306.9000244140625,1005.0999755859375
358268,358503,1233.4000244140625,902.7999877929688
358537,358803,1289.300048828125,918.5999755859375
358816,359559,1294.9000244140625,928.5999755859375
359602,359806,1201.5999755859375,962.9000244140625
359827,362269,1214.4000244140625,973.7999877929688
362293,362491,1215.300048828125,1008.0999755859375
362518,362833,1245.9000244140625,1019.0999755859375
362865,363216,1196.4000244140625,1037.800048828125
363274,363592,1288.5999755859375,965.0
363654,363932,1153.699951171875,1033.199951171875
363959,364844,1141.800048828125,1030.800048828125
364868,364899,1192.9000244140625,1020.4000244140625
365060,365504,1229.0999755859375,972.7999877929688
365658,365680,1222.9000244140625,935.7999877929688
365687,367286,1213.5,965.7999877929688
367315,367510,1202.0999755859375,1010.0
367524,368231,1196.9000244140625,1022.7999877929688
368267,370590,1212.699951171875,972.9000244140625
370617,370807,1198.5,1011.5
370821,371558,1194.9000244140625,1027.5
371584,374254,1213.800048828125,970.0
374277,374425,1212.300048828125,1005.0
374452,374830,1223.199951171875,1037.5
374865,375090,1267.5,1017.0
375137,375514,1278.300048828125,934.0999755859375
375546,375957,1222.5,893.5999755859375
376008,376199,1148.800048828125,933.5
376246,376646,1129.300048828125,980.5
376691,377012,1134.0999755859375,894.5999755859375
377046,377295,1210.4000244140625,877.4000244140625
377337,377543,1261.0999755859375,886.5999755859375
377605,377800,1306.300048828125,970.9000244140625
377826,378074,1302.5999755859375,1007.0999755859375
378087,379456,1314.300048828125,1001.0999755859375
379510,379747,1176.0999755859375,982.7000122070312
379772,380554,1198.300048828125,977.5
380575,381118,1206.5,961.9000244140625
381133,381456,1209.5999755859375,967.2999877929688
381474,381555,1203.300048828125,993.4000244140625
381596,381780,1245.5,912.7000122070312
381791,382754,1247.9000244140625,921.0999755859375
382779,385260,1211.4000244140625,972.5999755859375
385285,385598,1216.5999755859375,1016.2000122070312
385632,385826,1156.0999755859375,1014.9000244140625
385846,387218,1144.0,1010.2999877929688
387236,387259,1177.4000244140625,1009.7000122070312
387517,389311,1210.300048828125,966.0999755859375
389332,389643,1202.5999755859375,1001.2999877929688
389670,390035,1233.199951171875,1039.199951171875
390092,390318,1255.0,940.2999877929688
390351,390521,1272.4000244140625,923.9000244140625
390545,390882,1294.0,955.7000122070312
390893,392168,1293.5,967.0999755859375
392411,394605,1210.0,960.5
394621,394756,1203.0,994.0999755859375
394788,394989,1160.4000244140625,1031.0
395009,396300,1160.5,1042.9000244140625
396574,398605,1216.9000244140625,968.0
398626,398863,1203.699951171875,1001.7999877929688
398897,399291,1165.5999755859375,1035.5
399350,399771,1224.300048828125,924.2000122070312
399800,400193,1178.5999755859375,913.0
400218,400386,1212.9000244140625,876.0999755859375
400417,400679,1279.199951171875,905.4000244140625
400720,400963,1278.300048828125,951.7999877929688
401006,401386,1292.199951171875,999.5
401411,401702,1266.9000244140625,1023.0
401724,402798,1279.699951171875,1044.5
403029,403192,1287.300048828125,1041.0
403239,403367,1218.9000244140625,929.2000122070312
403381,405222,1204.300048828125,968.7000122070312
405244,405372,1205.0999755859375,1003.2000122070312
405423,405504,1185.4000244140625,912.0
405527,406626,1189.5,936.0999755859375
406888,408910,1211.9000244140625,961.7999877929688
408933,409127,1217.0999755859375,1003.0
409163,409500,1263.699951171875,969.5
409529,409846,1295.699951171875,971.0999755859375
409916,410182,1214.699951171875,1042.300048828125
410210,410430,1244.800048828125,1050.699951171875
410480,411045,1144.199951171875,1014.2999877929688
411074,411686,1182.800048828125,963.5
411715,411911,1150.199951171875,942.7999877929688
411959,412171,1201.5,881.0999755859375
412214,412423,1261.4000244140625,888.7999877929688
412447,413489,1272.0,913.0
413687,414496,1274.5,911.9000244140625
414524,415576,1206.5999755859375,965.5
415602,415866,1236.0999755859375,976.2999877929688
415888,416074,1216.4000244140625,972.5999755859375
416099,416240,1201.300048828125,994.7999877929688
416285,416503,1151.4000244140625,955.5999755859375
416525,417453,1142.5,942.5
417466,417928,1177.199951171875,949.0999755859375
417952,419996,1213.699951171875,963.2999877929688
420013,420244,1218.5,998.2000122070312
420266,420492,1233.199951171875,1013.5999755859375
420516,420852,1207.0,1046.5999755859375
420909,421163,1157.699951171875,936.0999755859375
421215,421500,1262.699951171875,931.4000244140625
421565,421751,1132.300048828125,912.5999755859375
421782,422011,1144.699951171875,911.4000244140625
422058,422283,1275.199951171875,962.2000122070312
422308,422495,1284.0999755859375,984.5
422522,423517,1291.300048828125,989.0999755859375
423566,423877,1187.5999755859375,981.0
424152,425299,1216.699951171875,962.4000244140625
425310,425946,1214.5999755859375,983.0
425957,426146,1218.5,1006.2999877929688
426171,426377,1240.300048828125,1033.5
426399,426816,1209.699951171875,1057.199951171875
426874,427141,1184.199951171875,940.0999755859375
427163,427330,1198.699951171875,956.7000122070312
427359,427563,1262.699951171875,939.0
427628,427843,1289.699951171875,1012.2000122070312
427867,428150,1276.800048828125,1037.800048828125
428193,428357,1247.5999755859375,984.0999755859375
428396,428631,1291.300048828125,986.0
428664,428809,1308.0,966.5
428853,429072,1267.5999755859375,904.0
429099,429229,1234.5,903.0999755859375
429252,430963,1252.5,911.5999755859375
430991,432275,1203.5999755859375,966.2999877929688
432293,433061,1210.300048828125,979.2999877929688
433095,433266,1202.800048828125,1009.5
433295,433418,1160.4000244140625,1006.0999755859375
433474,433882,1279.4000244140625,1006.4000244140625
433934,434201,1240.5,924.5
434220,435585,1227.199951171875,931.2000122070312
435773,435994,1214.199951171875,948.5999755859375
436019,436284,1201.4000244140625,969.7000122070312
436303,437866,1207.199951171875,973.2999877929688
437892,438165,1207.5,1006.7000122070312
438215,438486,1147.5999755859375,1025.9000244140625
438529,438799,1120.0,948.0999755859375
438826,439017,1150.0,944.5
439055,439303,1194.4000244140625,884.9000244140625
439346,439478,1243.5999755859375,924.4000244140625
439524,439809,1285.199951171875,988.5
439830,440074,1292.5999755859375,1002.5
440102,440410,1293.5,963.4000244140625
440456,440767,1232.699951171875,933.9000244140625
440795,441008,1192.0,937.0999755859375
441035,441287,1221.5999755859375,992.5999755859375
441328,441510,1233.0,1026.4000244140625
441536,441807,1230.9000244140625,1059.300048828125
441838,442046,1279.5999755859375,1046.300048828125
442070,442334,1300.4000244140625,1032.4000244140625
442359,442676,1274.800048828125,1055.5999755859375
442696,442847,1282.699951171875,1045.9000244140625
442908,443178,1297.5,925.7999877929688
443203,443421,1272.0999755859375,926.5999755859375
443445,443656,1279.0,902.2999877929688
443688,443948,1215.9000244140625,882.2000122070312
443990,444194,1163.699951171875,875.5999755859375
444257,444375,1116.9000244140625,934.0
444399,444661,1112.0999755859375,979.4000244140625
444683,445927,1128.9000244140625,986.0999755859375
446186,446288,1209.5999755859375,941.2999877929688
446817,448035,1214.5999755859375,963.2999877929688
448044,448362,1203.9000244140625,965.9000244140625
448401,448562,1155.0,963.7999877929688
448575,449776,1155.0,958.0
449808,450769,1217.800048828125,965.9000244140625
450788,451716,1225.5999755859375,975.2999877929688
451746,451924,1172.300048828125,994.0
451945,452940,1157.199951171875,999.2999877929688
452976,453255,1207.5,977.2000122070312
453279,453426,1229.699951171875,963.0999755859375
453625,455446,1214.5999755859375,971.7000122070312
455468,455645,1203.9000244140625,1000.5
455670,455949,1209.5999755859375,1036.5
456013,456239,1265.0999755859375,926.7999877929688
456274,456585,1281.699951171875,941.4000244140625
456632,457009,1205.0999755859375,917.2000122070312
457034,457324,1189.300048828125,892.7999877929688
457407,457582,1273.5999755859375,1002.0
457614,458959,1295.300048828125,1014.0999755859375
458981,459020,1238.5,1000.2999877929688
459115,459234,1200.5999755859375,965.5
459428,461180,1203.300048828125,966.7000122070312
461208,461529,1198.5,1003.4000244140625
461557,463165,1253.0,1009.5999755859375
463409,465348,1203.9000244140625,963.2000122070312
465370,465457,1194.5999755859375,988.2000122070312
465507,465637,1149.4000244140625,905.2999877929688
465656,466825,1153.0999755859375,913.5999755859375
466873,467215,1227.9000244140625,975.0
467241,467608,1203.0,956.7999877929688
467628,469134,1214.0999755859375,969.0
469156,469215,1203.199951171875,996.4000244140625
469253,469415,1169.0999755859375,989.2999877929688
469429,470628,1178.5,990.9000244140625
470853,471941,1219.300048828125,957.5999755859375
471956,472833,1206.9000244140625,968.7000122070312
472878,472979,1153.699951171875,965.2999877929688
473017,474254,1135.699951171875,944.2999877929688
474286,476731,1216.5999755859375,972.2000122070312
476752,477050,1212.300048828125,1009.2999877929688
477074,477355,1231.199951171875,1037.0999755859375
477405,477717,1151.4000244140625,976.9000244140625
477739,478152,1144.800048828125,1006.9000244140625
478190,478478,1205.0,1015.4000244140625
478543,478839,1260.0999755859375,910.5999755859375
478878,480421,1226.5999755859375,866.0999755859375
480650,482617,1206.0999755859375,966.7999877929688
482647,482902,1253.699951171875,970.7000122070312
482927,483100,1256.4000244140625,929.9000244140625
483127,483349,1278.4000244140625,898.0999755859375
483402,483563,1183.5,894.7000122070312
483604,484900,1229.4000244140625,911.9000244140625
485127,485352,1216.0,943.9000244140625
485365,486054,1206.4000244140625,963.4000244140625
486060,487469,1209.0999755859375,975.2999877929688
487496,487856,1190.199951171875,1005.9000244140625
487882,488194,1156.0999755859375,1015.0
488229,488407,1161.9000244140625,959.4000244140625
488438,488713,1247.699951171875,938.5
488754,489004,1287.800048828125,928.0
489034,489339,1293.699951171875,939.0
489362,489488,1256.300048828125,963.4000244140625
489549,489730,1264.5999755859375,1022.5999755859375
489762,489884,1278.4000244140625,1032.5999755859375
489914,491373,1294.0,1019.2000122070312
491382,491613,1236.9000244140625,983.7000122070312
491643,491956,1180.5999755859375,965.5999755859375
491980,493635,1201.9000244140625,965.5
493661,493826,1184.699951171875,1002.0999755859375
493878,494125,1129.300048828125,918.5
494165,494326,1208.5,909.0
494354,494508,1266.300048828125,918.5
494531,495547,1265.800048828125,895.7999877929688
495559,495933,1271.199951171875,894.0999755859375
496200,496741,1214.300048828125,976.5999755859375
496756,498702,1212.199951171875,963.0
498726,499209,1215.0999755859375,947.0999755859375
499220,500346,1214.199951171875,945.5999755859375
500619,500877,1226.5999755859375,950.0
501717,502088,1213.199951171875,978.5999755859375
502105,502775,1199.4000244140625,960.2000122070312
502805,503007,1258.0999755859375,976.5
503032,503267,1291.699951171875,984.4000244140625
503299,503509,1243.699951171875,985.7999877929688
503548,503615,1225.9000244140625,1014.5999755859375
503651,503828,1222.4000244140625,1034.199951171875
503862,505111,1252.9000244140625,1023.5
505343,505366,1205.5999755859375,799.0
505402,505423,1202.9000244140625,724.4000244140625
505542,505611,1207.699951171875,953.7999877929688
506388,507169,1204.699951171875,956.9000244140625
507182,507662,1200.300048828125,962.7999877929688
507692,507887,1213.0,1012.5
507912,508160,1232.800048828125,1028.699951171875
508197,508400,1272.4000244140625,1026.0
508421,509524,1292.5999755859375,1029.5
510618,511042,1204.0,959.7999877929688
511071,511727,1204.0,958.4000244140625
511746,511918,1193.199951171875,968.0999755859375
511946,512134,1158.0999755859375,969.7000122070312
512167,512269,1216.699951171875,964.2000122070312
512417,512517,1243.800048828125,956.4000244140625
513351,513667,1215.800048828125,975.0999755859375
513787,514105,1190.699951171875,960.0999755859375
514130,515185,1186.5999755859375,995.5999755859375
515442,515806,1207.5999755859375,963.4000244140625
515836,517581,1214.9000244140625,964.2999877929688
517627,517838,1159.5,974.9000244140625
517851,518786,1156.5,983.7000122070312
518808,518828,1190.699951171875,978.2999877929688
519028,519408,1214.300048828125,968.5
519429,520065,1219.699951171875,956.7000122070312
520073,521055,1208.0,969.0
521100,521519,1151.5999755859375,979.2999877929688
521563,521826,1124.300048828125,921.7999877929688
521869,522051,1180.4000244140625,906.0
522085,522283,1208.9000244140625,903.0999755859375
522295,523465,1217.699951171875,906.7999877929688
523499,523634,1226.800048828125,960.5
523805,525551,1221.800048828125,976.4000244140625
525584,525891,1180.0,989.0
525929,526175,1223.4000244140625,998.5999755859375
526217,526526,1271.199951171875,991.7999877929688
526557,526740,1287.800048828125,956.4000244140625
526766,527007,1299.300048828125,983.0999755859375
527053,527300,1293.9000244140625,920.5
527321,528503,1311.5999755859375,930.7000122070312
528556,528934,1206.800048828125,945.7999877929688
528946,530557,1206.699951171875,959.7999877929688
530571,530831,1209.300048828125,968.9000244140625
530884,531987,1170.699951171875,878.0999755859375
532014,532345,1217.5999755859375,963.0999755859375
532351,532612,1218.0,952.4000244140625
532795,534313,1208.699951171875,968.7999877929688
534358,534599,1164.0,975.5999755859375
534663,534840,1275.699951171875,978.5999755859375
534875,535003,1295.300048828125,976.7000122070312
535030,535380,1274.0999755859375,1023.9000244140625
535409,535707,1239.9000244140625,1049.300048828125
535736,535956,1201.699951171875,1046.300048828125
536001,536204,1218.800048828125,993.7000122070312
536249,536623,1284.0999755859375,972.7999877929688
536652,536917,1285.4000244140625,927.0
536956,537104,1257.0999755859375,897.0
537125,538189,1269.300048828125,895.0
538400,540879,1202.199951171875,971.0999755859375
540895,541044,1194.699951171875,985.0
541074,541348,1247.0,992.7000122070312
541389,541735,1295.800048828125,979.7000122070312
541786,542320,1211.800048828125,1030.0999755859375
542374,542731,1125.5,978.5999755859375
542739,542939,1128.4000244140625,987.7999877929688
543017,543301,1216.699951171875,1053.199951171875
543368,543747,1140.5999755859375,921.7000122070312
543761,544828,1134.9000244140625,920.0999755859375
544856,544894,1177.9000244140625,930.7999877929688
544909,545064,1211.800048828125,944.5
545296,547149,1211.5999755859375,966.5
547177,547392,1204.9000244140625,1000.7999877929688
547420,548830,1198.9000244140625,1000.4000244140625
548865,548926,1219.9000244140625,952.7999877929688
549204,549230,1219.300048828125,927.7000122070312
549236,551483,1212.699951171875,963.7000122070312
551516,552304,1196.4000244140625,963.2000122070312
552323,552582,1214.9000244140625,964.5999755859375
552607,552767,1228.699951171875,960.7000122070312
552991,553477,1214.5,970.5
553483,554149,1219.0,964.5999755859375
554156,554806,1191.199951171875,964.5
554828,555123,1214.9000244140625,961.5999755859375
555167,555361,1283.5999755859375,954.7000122070312
555382,556505,1303.4000244140625,950.2999877929688
556564,557115,1200.199951171875,958.7999877929688
557134,558514,1210.9000244140625,961.7999877929688
558526,558831,1206.0999755859375,967.7999877929688
558863,559133,1274.300048828125,967.0999755859375
559159,559328,1297.5999755859375,964.4000244140625
559385,559733,1203.699951171875,1020.4000244140625
559758,560048,1206.800048828125,1046.9000244140625
560114,560310,1146.800048828125,906.0999755859375
560350,561811,1171.9000244140625,878.7000122070312
562057,562590,1210.0,978.5
562605,563718,1217.5,976.5999755859375
563733,563933,1208.300048828125,973.0999755859375
563956,564891,1191.800048828125,982.7000122070312
564913,565430,1205.4000244140625,973.5
565459,567511,1214.9000244140625,970.0
567556,567785,1271.300048828125,968.9000244140625
567820,568766,1308.199951171875,956.2999877929688
568816,569102,1218.5999755859375,963.7999877929688
569120,571260,1207.4000244140625,971.2000122070312
571285,571544,1208.9000244140625,1000.7999877929688
571569,571782,1222.300048828125,1044.4000244140625
571839,572149,1286.5,985.5
572174,572458,1305.300048828125,996.2999877929688
572496,572919,1304.699951171875,936.7000122070312
572968,573172,1255.5999755859375,903.5
573205,573815,1234.300048828125,894.7000122070312
573827,574279,1222.300048828125,893.9000244140625
574468,574660,1231.199951171875,900.4000244140625
574700,576713,1196.9000244140625,962.9000244140625
576759,576837,1136.0999755859375,948.5
576876,577518,1109.0,932.5
577551,577775,1194.0,953.2000122070312
577799,578351,1214.5,957.4000244140625
578371,579064,1201.9000244140625,961.5
579072,580193,1211.5999755859375,970.2000122070312
580227,580378,1270.9000244140625,981.4000244140625
580409,581423,1284.199951171875,987.0999755859375
581445,581493,1238.4000244140625,982.5
581500,582394,1212.5999755859375,975.0999755859375
582400,583688,1219.0999755859375,967.2999877929688
583714,583914,1203.0,1002.2999877929688
583947,584985,1197.5999755859375,1018.5
584991,585183,1197.5999755859375,1020.5999755859375
585230,585257,1244.5,966.7999877929688
585279,585475,1221.0,936.5
585695,587444,1209.699951171875,961.2999877929688
587468,587615,1203.300048828125,974.9000244140625
587651,587937,1278.800048828125,957.2999877929688
587970,588278,1213.0999755859375,914.0
588306,588562,1244.300048828125,896.7000122070312
588587,588726,1281.5999755859375,905.0999755859375
588795,589085,1205.4000244140625,1038.4000244140625
589122,589325,1253.699951171875,1026.4000244140625
589348,589531,1278.5999755859375,1026.300048828125
589545,590603,1291.199951171875,1024.300048828125
590620,590660,1255.0999755859375,1013.7000122070312
590795,590877,1209.5,960.2000122070312
591552,591727,1224.5,980.2000122070312
591754,592423,1185.4000244140625,969.4000244140625
592438,593042,1197.300048828125,972.5999755859375
593089,593375,1269.199951171875,970.7000122070312
593440,593692,1224.300048828125,1025.699951171875
593717,593899,1246.4000244140625,1037.199951171875
593932,594112,1219.800048828125,1054.9000244140625
594172,594676,1146.5999755859375,973.0
594723,595056,1192.4000244140625,921.2000122070312
595093,595335,1222.800048828125,923.5
595372,595696,1252.0,898.7000122070312
595749,595996,1160.699951171875,914.2000122070312
596030,596251,1148.800048828125,896.0
596299,596586,1229.699951171875,876.2999877929688
596633,596776,1287.0,917.9000244140625
596803,597048,1305.9000244140625,961.0
597072,597433,1308.0,998.7000122070312
597483,597782,1265.699951171875,1042.0999755859375
597831,597997,1188.199951171875,1050.699951171875
598039,598395,1144.5999755859375,1031.0
598435,598774,1153.0999755859375,991.5
598802,599018,1176.0999755859375,961.2000122070312
599044,599314,1200.9000244140625,971.5
599349,599623,1228.0,974.5999755859375
599657,599900,1259.5,947.4000244140625
599925,601463,1290.699951171875,950.7000122070312
601696,602198,1229.699951171875,965.0
602224,602798,1194.300048828125,965.0999755859375
602821,603876,1210.0,976.0999755859375
603893,603941,1209.5999755859375,991.4000244140625
603986,604305,1266.9000244140625,968.5
604333,604580,1271.300048828125,931.9000244140625
604634,604844,1195.0,894.5
604881,606080,1230.0999755859375,874.5999755859375
606108,606132,1226.5999755859375,935.2999877929688
606141,606412,1227.300048828125,953.7000122070312
606690,608680,1211.5999755859375,971.5
608727,609126,1278.5999755859375,967.7999877929688
609182,609488,1201.199951171875,1001.0999755859375
609525,609814,1166.800048828125,1003.2999877929688
609827,611170,1159.0,1002.7999877929688
612391,612584,1237.0,935.0999755859375
612609,612927,1227.300048828125,962.9000244140625
612947,613483,1199.5999755859375,959.0
613515,613785,1255.699951171875,950.9000244140625
613815,614088,1280.5999755859375,976.7999877929688
614141,614392,1208.4000244140625,1038.0999755859375
614435,614765,1152.199951171875,1030.0
614811,614952,1133.0,968.5
614990,615549,1137.5999755859375,934.9000244140625
615588,615840,1190.9000244140625,903.4000244140625
615877,616043,1237.5999755859375,889.5
616063,617422,1248.300048828125,883.2999877929688
617437,617466,1229.199951171875,910.7000122070312
617685,618183,1219.0999755859375,959.2999877929688
618200,619930,1216.5,966.2999877929688
619990,620366,1260.199951171875,900.7999877929688
620400,620501,1266.0999755859375,918.7999877929688
620573,620604,1210.300048828125,988.2000122070312
620643,621092,1208.300048828125,1022.7000122070312
621114,621388,1232.199951171875,1037.0999755859375
621425,621796,1273.0,1026.0
621819,622017,1266.9000244140625,1049.0999755859375
622083,622442,1137.699951171875,1006.4000244140625
622480,622851,1136.0999755859375,972.2999877929688
622879,623198,1172.0,933.7000122070312
623236,623481,1209.199951171875,901.0
623516,623624,1232.5,893.0
623665,624865,1192.800048828125,872.0
625089,625898,1217.300048828125,959.7000122070312
625905,627246,1205.0,969.7999877929688
627274,627539,1183.5999755859375,985.9000244140625
627569,627860,1131.5,984.4000244140625
627908,628062,1188.0999755859375,1032.199951171875
628088,628288,1217.4000244140625,1053.9000244140625
628308,629456,1232.5,1042.199951171875
629913,631982,1202.4000244140625,972.5
632006,632060,1202.800048828125,1010.0
632102,632351,1179.4000244140625,1041.4000244140625
632370,633073,1178.199951171875,1046.0
633299,635448,1218.0999755859375,957.2999877929688
635477,635566,1195.800048828125,972.0999755859375
635609,636599,1144.800048828125,931.4000244140625
636606,636648,1156.5999755859375,930.0
636802,636830,1204.0999755859375,922.0999755859375
636836,636970,1201.800048828125,960.7999877929688
637659,637785,1220.800048828125,958.2000122070312
637798,639069,1195.699951171875,965.0999755859375
639102,639575,1145.4000244140625,943.0
639599,639839,1119.0,945.7999877929688
639898,640210,1261.9000244140625,919.9000244140625
640254,640546,1280.699951171875,973.4000244140625
640596,640883,1234.5999755859375,1023.4000244140625
640911,641117,1193.800048828125,1031.0999755859375
641143,641296,1171.0,1018.2000122070312
641336,641491,1205.0,1047.800048828125
641540,641708,1151.199951171875,1004.7999877929688
641737,643032,1157.199951171875,1011.9000244140625
643048,643137,1195.699951171875,952.2999877929688
643565,644381,1209.5999755859375,968.4000244140625
644395,645209,1197.4000244140625,965.7000122070312
645238,645468,1259.4000244140625,962.5999755859375
645520,645687,1243.699951171875,1005.9000244140625
645718,646159,1215.0,1033.800048828125
646206,646370,1156.0999755859375,1020.2000122070312
646415,646600,1133.4000244140625,978.7000122070312
646653,646860,1181.199951171875,931.5
646886,647052,1211.5999755859375,923.7999877929688
647073,648369,1217.800048828125,935.2999877929688
649067,650869,1206.9000244140625,976.5999755859375
650902,651932,1193.199951171875,969.7000122070312
651953,653081,1228.9000244140625,980.2000122070312
653106,653793,1197.5999755859375,973.2000122070312
653814,654222,1208.699951171875,977.0
654244,654283,1212.199951171875,989.7999877929688
654328,655529,1271.0,970.9000244140625
656840,657054,1211.9000244140625,949.5999755859375
657078,657830,1198.5999755859375,963.7999877929688
657857,658023,1197.699951171875,998.4000244140625
658049,658291,1213.5,1039.5
658334,658496,1270.800048828125,1030.0
658526,659504,1268.5999755859375,1046.300048828125
660513,660659,1203.5,948.5999755859375
660682,661802,1201.9000244140625,961.2000122070312
661842,662096,1261.5999755859375,968.5
662130,663377,1289.0999755859375,982.0
663607,663977,1227.300048828125,969.0
664000,664400,1202.199951171875,954.0999755859375
664413,665522,1205.4000244140625,962.2999877929688
665548,665774,1230.800048828125,967.2000122070312
665805,666095,1171.9000244140625,965.5999755859375
666783,667101,1214.9000244140625,965.5
667116,667282,1197.300048828125,964.9000244140625
667308,667460,1227.699951171875,956.5999755859375
667482,667790,1186.5,964.2000122070312
667813,667998,1208.0999755859375,991.0999755859375
668026,668285,1204.9000244140625,1037.5
668321,668552,1229.5999755859375,1024.9000244140625
668577,668850,1261.199951171875,1025.699951171875
668886,669224,1294.199951171875,995.9000244140625
669243,670159,1287.4000244140625,986.5999755859375
670359,672642,1209.0999755859375,968.5
672684,672923,1256.0999755859375,985.0999755859375
672948,673151,1276.4000244140625,977.0
673200,673450,1280.199951171875,918.5
673491,673596,1239.5999755859375,901.4000244140625
673631,674925,1264.5999755859375,888.9000244140625
676028,676157,1198.800048828125,963.4000244140625
676179,676557,1205.699951171875,964.2000122070312
676576,677055,1185.800048828125,955.5
677079,677947,1161.800048828125,976.5
678884,679664,1207.199951171875,953.9000244140625
679675,680193,1190.9000244140625,964.5999755859375
680220,681030,1168.0999755859375,985.0999755859375
681059,681516,1206.800048828125,965.7000122070312
681530,683710,1210.5,969.7000122070312
683741,683840,1199.5999755859375,983.2000122070312
683877,684132,1221.199951171875,1020.5
684162,684358,1234.0999755859375,1020.2000122070312
684409,684809,1282.0,967.5
684862,685050,1220.300048828125,910.5999755859375
685084,686081,1243.699951171875,906.0999755859375
686578,688446,1201.300048828125,966.7000122070312
688486,688649,1161.4000244140625,958.5
688677,689897,1148.5999755859375,953.7000122070312
690321,692103,1203.300048828125,961.2000122070312
692129,692467,1201.4000244140625,991.5999755859375
692516,692972,1237.5,937.0999755859375
693004,693266,1253.800048828125,898.5
693295,694703,1203.0999755859375,882.7000122070312
695230,695739,1213.199951171875,964.9000244140625
695747,696882,1198.0999755859375,960.2000122070312
696912,697079,1161.9000244140625,977.2999877929688
697115,697434,1186.4000244140625,1022.9000244140625
697478,697828,1135.9000244140625,1001.7999877929688
697885,698074,1204.9000244140625,946.7000122070312
698123,698367,1226.0999755859375,886.0
698410,698709,1270.0999755859375,920.5
698726,699768,1267.300048828125,933.4000244140625
700522,700755,1225.0,973.0999755859375
700772,702193,1200.4000244140625,960.7000122070312
702233,702498,1162.699951171875,952.5
702527,702795,1195.800048828125,915.2999877929688
702831,703088,1210.5,885.0
703131,703282,1243.699951171875,912.0999755859375
703309,703699,1186.4000244140625,892.2000122070312
703712,704798,1183.0,888.5
705758,707152,1193.4000244140625,965.2999877929688
707185,707432,1234.5,960.9000244140625
707451,708370,1254.5,967.4000244140625
709564,709751,1223.0,961.4000244140625
709760,710801,1207.199951171875,961.5
710829,711014,1234.800048828125,951.2999877929688
711023,712007,1255.5999755859375,947.5
712744,714499,1200.5999755859375,955.0999755859375
714531,714826,1239.9000244140625,943.5999755859375
714846,716429,1275.800048828125,937.0999755859375
717515,717785,1239.0999755859375,947.5999755859375
717813,718882,1194.4000244140625,958.4000244140625
718927,719056,1161.0999755859375,982.7000122070312
719103,719419,1239.5,976.5999755859375
719477,719613,1209.5999755859375,1016.5
719636,720013,1205.5999755859375,1040.699951171875
720038,720185,1234.0999755859375,1031.5999755859375
720244,720483,1288.300048828125,956.7999877929688
720506,721564,1303.5,970.2000122070312
721620,721726,1211.5,966.4000244140625
723232,723327,1147.300048828125,972.0999755859375
723340,724176,1192.300048828125,977.2999877929688
724210,724768,1253.4000244140625,953.2999877929688
724799,725235,1233.5999755859375,908.7999877929688
725262,725544,1221.0999755859375,884.7000122070312
725591,725817,1163.0,894.4000244140625
725881,726187,1138.699951171875,979.5
726211,727168,1133.300048828125,966.5999755859375
728326,728558,1238.0,963.0999755859375
728567,729426,1196.5999755859375,961.2000122070312
729463,729734,1144.9000244140625,979.0999755859375
729785,730083,1284.4000244140625,962.5999755859375
730126,730478,1148.5999755859375,974.0
730507,732221,1149.199951171875,994.5
732448,732493,1217.199951171875,779.9000244140625
733164,733333,1230.199951171875,960.5999755859375
733354,735833,1209.9000244140625,965.7000122070312
735874,736106,1166.300048828125,968.0
736146,736347,1188.300048828125,1009.7000122070312
736393,736572,1125.0,966.2999877929688
736593,738120,1113.199951171875,971.2000122070312
739215,739417,1248.0999755859375,981.7000122070312
739424,739491,1222.5,974.0
739503,740597,1181.5999755859375,965.0999755859375
740629,740791,1128.300048828125,949.9000244140625
740817,742097,1102.199951171875,943.5999755859375
742411,743175,1218.0999755859375,968.2999877929688
743196,743703,1201.9000244140625,962.0999755859375
743721,743986,1217.5,969.4000244140625
744007,744453,1209.699951171875,968.9000244140625
744498,744612,1161.0,958.7999877929688
744662,744766,1187.300048828125,1006.0999755859375
744806,745078,1191.300048828125,1035.199951171875
745091,746225,1198.5,1049.5999755859375
746237,746290,1221.300048828125,1021.5
747035,747996,1207.9000244140625,962.9000244140625
748013,748862,1208.199951171875,973.7999877929688
748906,749084,1237.800048828125,944.2999877929688
749108,750525,1261.699951171875,937.7999877929688
751166,753229,1194.0,968.7999877929688
753245,753427,1231.199951171875,975.7000122070312
753450,753902,1237.300048828125,1040.9000244140625
753942,754236,1168.699951171875,959.2000122070312
754255,755184,1157.9000244140625,957.4000244140625
756475,756684,1228.800048828125,961.0999755859375
756700,757786,1192.4000244140625,965.9000244140625
757821,758120,1228.0999755859375,966.5999755859375
758169,758427,1147.5,955.0999755859375
758467,759611,1126.5999755859375,923.2000122070312
760647,761069,1228.5,987.7000122070312
761091,762091,1189.800048828125,958.4000244140625
762135,762436,1252.9000244140625,959.5999755859375
762470,762633,1276.9000244140625,944.4000244140625
762715,762972,1248.699951171875,1031.300048828125
763020,763289,1179.5999755859375,1024.800048828125
763310,764711,1180.0999755859375,1014.5
765604,767220,1211.699951171875,968.7999877929688
767247,768793,1255.4000244140625,984.2999877929688
769859,770082,1229.4000244140625,977.7000122070312
770123,771300,1178.4000244140625,967.4000244140625
771342,771621,1220.199951171875,976.0
771664,771846,1272.199951171875,969.0999755859375
771901,772137,1203.5999755859375,1017.0999755859375
772191,772517,1285.300048828125,930.2000122070312
772529,773356,1288.4000244140625,927.5999755859375
774264,774652,1229.9000244140625,962.7999877929688
774671,775355,1198.300048828125,960.4000244140625
775371,775565,1185.800048828125,959.2999877929688
775601,775815,1155.199951171875,988.2999877929688
775865,776126,1118.800048828125,928.4000244140625
776175,776399,1189.800048828125,897.2000122070312
776451,776625,1275.0999755859375,918.7999877929688
776681,777029,1225.5999755859375,983.0
777068,777233,1258.0,960.2000122070312
777316,777692,1234.199951171875,1048.5
777741,778033,1157.300048828125,1022.4000244140625
778087,778322,1261.5999755859375,973.7999877929688
778359,778694,1285.5999755859375,953.7999877929688
778721,779191,1269.300048828125,926.2999877929688
779218,779623,1244.5999755859375,903.0999755859375
779654,779944,1196.0999755859375,885.0
779976,780330,1140.9000244140625,914.9000244140625
780359,780702,1176.4000244140625,950.4000244140625
780720,781788,1187.9000244140625,942.0
782527,784312,1216.300048828125,970.0
784337,784416,1212.5999755859375,976.7999877929688
784463,784811,1215.800048828125,917.5
784822,785394,1210.800048828125,918.7999877929688
785415,785481,1219.9000244140625,962.0999755859375
785978,787721,1209.5,976.2000122070312
787748,787935,1236.800048828125,1014.4000244140625
787979,788238,1237.300048828125,1047.699951171875
788271,788433,1222.300048828125,1040.0999755859375
788492,788692,1275.5,961.5
788727,788921,1296.5,940.5999755859375
788939,789805,1306.800048828125,934.9000244140625
790497,791162,1214.5999755859375,968.0999755859375
791177,792272,1198.0,969.0999755859375
792316,792432,1152.9000244140625,951.5
792464,793312,1153.699951171875,932.0
794020,794511,1224.5,972.2000122070312
794532,795416,1193.0999755859375,964.0
795433,796055,1207.699951171875,970.5
796090,796315,1211.5,1017.0
796339,796579,1187.4000244140625,1047.9000244140625
796600,797682,1180.4000244140625,1050.300048828125
798073,798093,1208.199951171875,954.7999877929688
798102,798397,1205.0,972.7999877929688
798420,800257,1206.800048828125,968.5
800290,800588,1154.300048828125,979.2000122070312
800622,800869,1225.0,964.5
800883,802324,1241.699951171875,964.7999877929688
802330,802354,1231.5,958.5
802901,804768,1202.4000244140625,968.5999755859375
804794,804942,1220.5,996.5
804960,805291,1218.699951171875,1032.699951171875
805329,805682,1154.800048828125,980.2000122070312
805706,806039,1130.0999755859375,955.0999755859375
806075,806354,1216.0999755859375,925.4000244140625
806381,806570,1246.300048828125,924.0
806598,806902,1281.199951171875,941.0999755859375
806924,808293,1298.5999755859375,953.0999755859375
809093,810766,1204.300048828125,968.2999877929688
810789,810962,1209.5,958.2999877929688
810974,812150,1221.4000244140625,955.0
812807,814571,1200.699951171875,970.7000122070312
815454,815757,1226.4000244140625,953.7000122070312
815769,815867,1211.9000244140625,954.5
815877,816136,1180.9000244140625,943.4000244140625
816142,816701,1187.0,955.9000244140625
816728,816882,1198.800048828125,976.7000122070312
816914,817151,1202.300048828125,1021.7999877929688
817163,817489,1197.800048828125,1036.0999755859375
817541,817741,1222.699951171875,945.2999877929688
817760,817991,1234.300048828125,932.7000122070312
818016,818266,1253.199951171875,936.5
818322,818727,1149.699951171875,946.7999877929688
818760,818927,1097.800048828125,954.0
818959,819313,1155.800048828125,993.7999877929688
819376,819725,1212.9000244140625,900.5999755859375
819763,819989,1242.5999755859375,901.2999877929688
820030,820218,1279.4000244140625,902.0999755859375
820273,820466,1178.0,891.4000244140625
820538,820910,1161.0,993.7000122070312
820956,821158,1176.300048828125,1040.4000244140625
821187,821441,1218.0,1060.4000244140625
821467,821603,1246.5,1051.5999755859375
821644,821828,1284.9000244140625,1034.9000244140625
821859,823009,1269.5999755859375,1028.0999755859375
823484,823613,1228.699951171875,961.0999755859375
823626,823966,1204.4000244140625,968.5999755859375
823977,824562,1201.5999755859375,965.0999755859375
824580,825474,1194.5,972.4000244140625
825514,825685,1205.199951171875,1014.2999877929688
825708,826027,1215.300048828125,1046.300048828125
826065,826237,1253.800048828125,1017.0999755859375
826280,826506,1267.199951171875,986.5
826549,826776,1260.800048828125,937.7999877929688
826823,827106,1197.4000244140625,907.2000122070312
827119,828279,1188.0999755859375,911.7000122070312
828555,828728,1211.9000244140625,957.2000122070312
828756,829000,1198.5,976.0
829018,829869,1206.199951171875,965.5999755859375
829882,830409,1216.0,971.7999877929688
830427,830793,1207.0999755859375,972.0
830818,830952,1196.699951171875,1003.2999877929688
830995,831261,1244.9000244140625,995.4000244140625
831319,831460,1206.5999755859375,1041.699951171875
831497,831648,1205.199951171875,1060.0999755859375
831668,832732,1197.0,1064.4000244140625
833071,835121,1210.9000244140625,967.5
835149,835433,1212.4000244140625,1012.4000244140625
835481,835917,1277.300048828125,1010.0
835974,836181,1261.0999755859375,918.5
836230,836398,1203.699951171875,880.5
836428,837240,1191.5,870.4000244140625
837541,837724,1212.800048828125,942.4000244140625
837742,838224,1212.0,965.4000244140625
838238,839764,1212.0999755859375,963.0999755859375
839787,839967,1208.4000244140625,985.9000244140625
840015,840328,1145.0999755859375,935.2999877929688
840348,841326,1132.300048828125,939.9000244140625
841928,842155,1220.199951171875,964.5999755859375
842181,843404,1188.0999755859375,965.2000122070312
843411,843764,1198.0999755859375,966.9000244140625
843813,843945,1135.0,976.2000122070312
843978,844975,1115.5,993.0999755859375
845040,845162,1201.4000244140625,974.0999755859375
845173,847749,1213.4000244140625,965.7000122070312
847773,848926,1226.699951171875,978.5
848941,851332,1213.0,966.5
851376,851589,1145.0,945.2999877929688
851610,851917,1141.300048828125,966.7000122070312
851961,852213,1209.800048828125,953.0999755859375
852251,852428,1245.699951171875,925.7999877929688
852449,853510,1260.5999755859375,913.2999877929688
853845,854058,1202.0,957.7999877929688
855262,855668,1221.0999755859375,980.0999755859375
855680,856297,1190.5,956.7999877929688
856322,856618,1220.4000244140625,1030.5999755859375
856640,857551,1241.800048828125,1023.5
857574,857602,1223.5999755859375,972.2999877929688
857611,858207,1204.5,957.5
858470,860537,1192.5999755859375,963.0
860571,860991,1244.5,959.0999755859375
861014,861124,1260.199951171875,974.7000122070312
861154,861500,1245.699951171875,1037.4000244140625
861524,861741,1216.800048828125,1051.699951171875
861783,862314,1145.300048828125,997.5999755859375
862337,862612,1143.199951171875,942.7000122070312
862643,862854,1141.9000244140625,890.2999877929688
862878,863041,1165.0999755859375,887.5999755859375
863053,864327,1178.199951171875,890.7000122070312
865470,866828,1188.199951171875,959.9000244140625
866856,867411,1179.0,1027.0999755859375
867452,867587,1134.5,920.2000122070312
867593,867812,1148.4000244140625,929.0
867840,869469,1112.800048828125,934.9000244140625
870201,872160,1201.5999755859375,967.5
872206,873866,1184.0,1032.4000244140625
875303,875529,1249.199951171875,944.2999877929688
875553,875985,1199.4000244140625,955.0999755859375
876009,876996,1226.5999755859375,952.5
877017,877173,1202.9000244140625,956.4000244140625
877193,877452,1186.0999755859375,958.7999877929688
877459,877707,1197.199951171875,954.0
877811,878057,1210.9000244140625,956.7999877929688
878077,878442,1194.9000244140625,959.4000244140625
878456,879377,1204.4000244140625,960.0
879414,879615,1193.4000244140625,933.0999755859375
879632,880369,1190.300048828125,933.0
881508,881691,1186.800048828125,946.2999877929688
881725,882846,1198.5,960.5
882884,883230,1195.800048828125,1018.7999877929688
883285,883526,1263.699951171875,966.7999877929688
883563,883786,1293.5,966.0999755859375
883802,884941,1305.0999755859375,971.5999755859375
885734,885941,1196.0,953.9000244140625
885966,887381,1197.300048828125,964.9000244140625
887414,887558,1193.199951171875,988.2000122070312
887586,887809,1226.5,1027.800048828125
887859,888182,1151.699951171875,996.2999877929688
888210,888380,1190.699951171875,992.2999877929688
888429,888646,1239.800048828125,944.5
888689,889096,1279.0,950.5999755859375
889116,889375,1281.800048828125,936.0
889419,889631,1242.4000244140625,916.7999877929688
889675,889990,1193.0,899.2999877929688
890017,890133,1211.800048828125,895.7000122070312
890176,890278,1170.300048828125,884.5999755859375
890303,890513,1156.300048828125,915.5
890539,890653,1179.4000244140625,937.2999877929688
890697,891985,1135.199951171875,924.7000122070312
892003,892067,1151.9000244140625,919.0999755859375
893259,893451,1211.300048828125,948.4000244140625
893482,894524,1185.199951171875,965.4000244140625
894548,894737,1187.199951171875,1011.4000244140625
894772,894928,1194.4000244140625,1043.4000244140625
894962,895138,1198.199951171875,1029.199951171875
895151,896305,1204.800048828125,1042.0
897304,897748,1224.199951171875,960.2000122070312
897769,898902,1200.0,964.2999877929688
898942,899085,1209.699951171875,1015.0
899119,899719,1224.5999755859375,1050.800048828125
899780,900261,1281.300048828125,971.5999755859375
900287,900427,1276.9000244140625,945.5
900488,900726,1251.5,996.5999755859375
900774,901032,1186.699951171875,949.0
901069,901350,1155.800048828125,941.4000244140625
901376,902379,1128.5999755859375,954.0
902408,902867,1139.199951171875,959.0999755859375
904318,905371,1204.0,957.9000244140625
905392,905613,1180.5,987.9000244140625
905647,905957,1175.300048828125,1028.800048828125
906014,906272,1256.9000244140625,972.7000122070312
906315,906420,1305.0999755859375,979.0
906459,906943,1306.5999755859375,1010.5999755859375
906973,907211,1291.300048828125,955.2000122070312
907249,907580,1289.5,922.0
907607,908783,1284.800048828125,900.7999877929688
910036,910204,1230.4000244140625,955.2000122070312
910233,910840,1192.5,966.7999877929688
910852,911220,1196.0999755859375,964.4000244140625
911278,911618,1167.699951171875,1027.9000244140625
911670,911817,1225.4000244140625,989.0999755859375
911865,912069,1219.199951171875,925.0999755859375
912111,912287,1261.0,907.4000244140625
912310,912547,1270.199951171875,914.7000122070312
912604,912963,1302.300048828125,980.2999877929688
913021,913235,1263.800048828125,1031.9000244140625
913261,914539,1285.199951171875,1031.9000244140625
915393,915656,1206.5999755859375,947.0999755859375
915690,916408,1210.4000244140625,951.7000122070312
916429,917226,1203.699951171875,959.9000244140625
917250,918207,1211.300048828125,943.7000122070312
918233,919625,1218.5999755859375,959.7000122070312
919651,920101,1223.0,967.0
920124,920657,1206.5999755859375,964.0999755859375
920708,920817,1130.5,941.9000244140625
920842,921900,1135.5999755859375,914.0999755859375
922806,924425,1193.800048828125,960.7000122070312
924466,924637,1194.300048828125,919.7999877929688
924670,924858,1177.5999755859375,904.7000122070312
924872,926111,1171.4000244140625,896.5
926139,926379,1214.0999755859375,940.4000244140625
926397,928669,1207.800048828125,962.5999755859375
928697,928914,1170.699951171875,919.9000244140625
928944,929219,1199.0,881.0999755859375
929313,929578,1248.800048828125,1008.0
929631,929835,1154.0,1006.0999755859375
929860,930057,1177.699951171875,1032.9000244140625
930081,931046,1180.9000244140625,1043.5
931067,931240,1195.800048828125,999.4000244140625
931286,931327,1223.4000244140625,937.0
931546,933623,1215.199951171875,968.0999755859375
933684,933909,1167.0,915.0999755859375
933970,934339,1261.4000244140625,904.2000122070312
934385,934638,1225.5999755859375,939.2999877929688
934662,934803,1204.0,946.2000122070312
934854,934903,1185.4000244140625,995.4000244140625
934947,935312,1186.4000244140625,1038.300048828125
935367,935598,1289.5999755859375,1022.2000122070312
935625,935803,1301.9000244140625,1000.5999755859375
935851,936081,1269.199951171875,1037.9000244140625
936117,936530,1310.0999755859375,992.2000122070312
936575,936973,1248.5999755859375,913.2000122070312
936999,937175,1272.9000244140625,889.5999755859375
937221,937578,1213.800048828125,878.2000122070312
937652,937935,1175.4000244140625,964.5
937980,939256,1124.199951171875,973.2000122070312
939285,939316,1173.9000244140625,962.0999755859375
940384,941823,1195.4000244140625,964.2000122070312
941858,942033,1220.0,995.5999755859375
942070,942376,1220.9000244140625,1040.199951171875
942440,942816,1271.699951171875,946.7999877929688
942866,943260,1203.9000244140625,957.5999755859375
943310,943483,1206.199951171875,890.0999755859375
943516,943635,1222.4000244140625,872.7999877929688
943678,943953,1187.5999755859375,913.9000244140625
943993,944136,1136.9000244140625,943.2999877929688
944178,944339,1120.199951171875,982.7000122070312
944366,944599,1151.0,1022.4000244140625
944628,945826,1135.699951171875,1026.5999755859375
946100,946748,1213.5999755859375,952.7999877929688
946758,948405,1202.800048828125,969.5999755859375
948440,949222,1227.5,960.9000244140625
949244,949561,1212.699951171875,962.2999877929688
949576,951953,1209.5,970.5999755859375
951976,952738,1227.5,980.5999755859375
952770,953076,1214.4000244140625,971.7000122070312
953143,953200,1216.4000244140625,920.2999877929688
953214,953449,1217.199951171875,963.0
953604,955556,1207.0999755859375,971.0999755859375
955604,955885,1160.5,979.4000244140625
955920,956043,1183.300048828125,990.2000122070312
956070,956315,1192.5,1029.4000244140625
956359,956575,1250.5999755859375,1038.9000244140625
956601,956834,1277.9000244140625,1036.800048828125
956868,957030,1297.800048828125,1005.2000122070312
957059,957825,1305.4000244140625,998.5999755859375
957876,958286,1209.300048828125,972.0999755859375
958438,958723,1208.5,970.0
958736,960184,1213.0999755859375,968.9000244140625
960202,960513,1194.0999755859375,969.0999755859375
960535,960780,1226.5,973.5
960799,962080,1240.800048828125,965.7000122070312
962098,964409,1216.699951171875,968.0
964450,964921,1212.0,1031.699951171875
964965,965252,1170.199951171875,963.4000244140625
965293,965595,1172.300048828125,923.2999877929688
965633,965899,1154.800048828125,892.2999877929688
965921,967196,1146.699951171875,889.5
967203,967292,1167.5,897.5999755859375
967307,967406,1193.300048828125,935.0
967637,969341,1201.9000244140625,960.0999755859375
969367,970522,1195.0999755859375,1003.5
970529,971614,1204.0,962.7000122070312
971806,972912,1193.699951171875,965.2999877929688
972936,973129,1163.5,957.7999877929688
974013,974688,1214.300048828125,956.4000244140625
974696,975181,1187.9000244140625,959.2000122070312
975210,975503,1180.0,1004.0999755859375
975536,975833,1163.199951171875,1030.5
975891,976168,1209.5999755859375,949.0
976198,976346,1247.300048828125,902.4000244140625
976380,977548,1265.699951171875,891.0999755859375
977780,980432,1206.9000244140625,959.9000244140625
980486,980684,1252.9000244140625,918.0
980719,981014,1275.800048828125,899.9000244140625
981075,981239,1145.199951171875,884.5
981283,981345,1150.0999755859375,930.0
981397,981575,1167.5999755859375,979.0
981601,981840,1181.699951171875,1008.2000122070312
981867,982008,1211.300048828125,1020.2000122070312
982034,982290,1257.699951171875,1029.4000244140625
982325,982438,1280.800048828125,1028.800048828125
982490,982750,1286.0,948.4000244140625
982790,983145,1222.5,965.5999755859375
983158,984700,1216.0,968.4000244140625
984927,986940,1210.800048828125,976.4000244140625
986965,987159,1207.0,1001.0999755859375
987211,987473,1132.4000244140625,955.7000122070312
987520,987773,1178.800048828125,1010.0
987799,988033,1161.300048828125,1034.800048828125
988060,989104,1155.699951171875,1040.199951171875
989140,989551,1217.300048828125,962.7000122070312
989739,991699,1211.0999755859375,970.5999755859375
991742,991915,1197.0,1019.5
991943,992603,1207.800048828125,1028.0999755859375
992624,992792,1207.5999755859375,965.2000122070312
993012,994927,1213.5999755859375,963.2000122070312
994955,995905,1173.199951171875,968.2999877929688
995917,996541,1182.699951171875,964.2999877929688
996553,996916,1192.0999755859375,962.0999755859375
997140,999010,1193.5999755859375,966.5
999035,999242,1200.300048828125,997.5999755859375
999266,999612,1206.4000244140625,1027.9000244140625
999671,999952,1243.0,940.0999755859375
999982,1000360,1253.300048828125,927.7999877929688
1000429,1000686,1116.5,933.0
1000730,1000965,1171.4000244140625,903.5999755859375
1000991,1001154,1194.5,881.2999877929688
1001196,1001302,1126.0999755859375,919.0999755859375
1001342,1001404,1141.5999755859375,981.7999877929688
1001441,1001668,1139.5,1007.2000122070312
1001702,1002032,1165.800048828125,1040.800048828125
1002079,1002335,1245.5999755859375,1004.5999755859375
1002368,1002536,1276.4000244140625,985.2000122070312
1002571,1003614,1305.4000244140625,991.9000244140625
1003639,1003933,1224.9000244140625,970.4000244140625
1004184,1004209,1219.199951171875,922.0999755859375
1004220,1006206,1197.800048828125,961.0
1006239,1006433,1219.4000244140625,926.7000122070312
1006458,1006704,1252.699951171875,905.7999877929688
1006762,1006889,1223.4000244140625,972.0999755859375
1006910,1007096,1210.4000244140625,1003.9000244140625
1007118,1007406,1215.0,1032.9000244140625
1007437,1007533,1188.800048828125,1044.800048828125
1007571,1007685,1220.199951171875,1050.0
1007719,1008031,1242.0,1050.9000244140625
1008077,1008101,1130.0999755859375,964.7999877929688
1008155,1008559,1143.0,958.7000122070312
1008598,1008845,1145.300048828125,918.5999755859375
1008884,1009084,1184.4000244140625,882.0999755859375
1009117,1009234,1206.5999755859375,914.2000122070312
1009303,1009563,1126.300048828125,984.7999877929688
1009599,1009777,1144.800048828125,1019.2999877929688
1009824,1009970,1210.5999755859375,1030.0999755859375
1010017,1010272,1287.5999755859375,989.0
1010309,1012055,1309.4000244140625,961.7999877929688
1012115,1012222,1215.800048828125,972.5
1012436,1013456,1220.800048828125,974.2000122070312
1013474,1014453,1214.0,976.4000244140625
1014474,1014495,1211.9000244140625,1014.0
1014519,1014746,1197.0999755859375,1037.300048828125
1014772,1015002,1177.800048828125,1050.0999755859375
1015056,1015381,1144.300048828125,969.9000244140625
1015404,1015786,1114.5999755859375,990.5
1015839,1016082,1227.4000244140625,966.5
1016127,1016228,1285.0,968.5999755859375
1016269,1017551,1304.4000244140625,945.0
1017778,1018044,1202.5,967.4000244140625
1018076,1019904,1217.5999755859375,968.4000244140625
1019933,1020195,1183.0999755859375,995.2999877929688
1020232,1020466,1192.699951171875,1040.5999755859375
1020512,1020668,1256.0999755859375,1039.5999755859375
1020723,1020925,1287.699951171875,967.2000122070312
1020949,1021168,1308.9000244140625,975.5999755859375
1021181,1022135,1314.4000244140625,978.4000244140625
1022188,1022465,1210.199951171875,971.0999755859375
1022716,1024637,1216.0999755859375,974.7000122070312
1024662,1025689,1215.9000244140625,995.9000244140625
1025706,1026203,1212.9000244140625,963.7000122070312
1026215,1026608,1220.9000244140625,971.5
1026842,1028018,1203.4000244140625,970.0999755859375
1028042,1028271,1193.300048828125,998.0
1028307,1028558,1235.199951171875,985.5
1028613,1028893,1151.199951171875,1011.5
1028944,1029243,1245.0,1015.5999755859375
1029285,1029605,1291.5,974.5
1029657,1029866,1213.699951171875,922.5
1029906,1030062,1248.0999755859375,896.7999877929688
1030083,1031045,1242.4000244140625,887.9000244140625
1031061,1031130,1210.199951171875,924.4000244140625
1031381,1033549,1209.699951171875,969.0
1033573,1034295,1215.0,947.0999755859375
1034312,1035420,1222.199951171875,957.5
1035433,1036978,1214.5999755859375,973.0999755859375
1037028,1037340,1157.300048828125,993.2999877929688
1037390,1037619,1221.300048828125,954.7000122070312
1037656,1037919,1250.199951171875,927.7999877929688
1037960,1038184,1266.0999755859375,966.0
1038236,1038555,1179.0999755859375,971.7999877929688
1038568,1039195,1170.0999755859375,965.2000122070312
1039247,1039523,1141.5999755859375,1004.4000244140625
1039553,1039763,1193.5,1032.800048828125
1039797,1039939,1172.699951171875,955.5
1039952,1040281,1170.0,963.0
1040287,1041436,1172.9000244140625,964.5
1041689,1041711,1209.4000244140625,928.7999877929688
1041722,1042072,1206.9000244140625,964.2000122070312
1042094,1043697,1213.800048828125,966.7999877929688
1043722,1043886,1176.199951171875,999.4000244140625
1043916,1044690,1174.800048828125,1010.9000244140625
1044714,1044916,1199.0999755859375,985.7000122070312
1044936,1047174,1220.800048828125,972.2999877929688
1047199,1047432,1214.4000244140625,1009.0999755859375
1047486,1047796,1165.4000244140625,933.9000244140625
1047827,1047877,1155.0999755859375,926.7999877929688
1047927,1048286,1245.0,926.9000244140625
1048334,1048513,1174.0,929.0999755859375
1048605,1048887,1161.199951171875,1032.199951171875
1048937,1049152,1250.4000244140625,1038.199951171875
1049194,1049473,1300.9000244140625,989.2999877929688
1049499,1050643,1290.0,1011.2999877929688
1050931,1053139,1204.0999755859375,970.0
1053160,1053306,1200.0,1004.5999755859375
1053344,1054608,1232.9000244140625,986.4000244140625
1054627,1055218,1216.199951171875,977.0
1055232,1057294,1206.5999755859375,977.5999755859375
1057318,1057530,1183.699951171875,1007.4000244140625
1057556,1057704,1196.5999755859375,1037.699951171875
1057739,1057930,1211.199951171875,1047.699951171875
1057943,1058839,1214.199951171875,1040.4000244140625
1058856,1059271,1210.300048828125,947.5
1059282,1061531,1207.699951171875,973.5
1061553,1061901,1211.0,1009.4000244140625
1061954,1062268,1126.9000244140625,981.7999877929688
1062301,1062464,1203.9000244140625,939.0999755859375
1062489,1062683,1238.800048828125,926.7999877929688
1062708,1062952,1260.0,918.2000122070312
1062991,1064632,1160.800048828125,897.2000122070312
1065418,1067388,1196.5999755859375,973.4000244140625
1067412,1067534,1225.0,990.2999877929688
1067557,1067975,1223.5,1020.5
1068002,1068230,1262.4000244140625,983.9000244140625
1068263,1068640,1275.300048828125,950.2999877929688
1068670,1068920,1222.0,913.2000122070312
1068950,1069141,1237.5999755859375,904.9000244140625
1069154,1070139,1247.800048828125,904.7000122070312
1071089,1072727,1200.4000244140625,961.4000244140625
1072752,1072929,1194.4000244140625,987.7999877929688
1072957,1073238,1232.4000244140625,1000.0
1073283,1073603,1208.0,901.2999877929688
1073625,1073764,1220.5,894.7000122070312
1073819,1073983,1139.199951171875,947.9000244140625
1074029,1074207,1112.199951171875,987.4000244140625
1074233,1075490,1143.5,974.7999877929688
1076281,1078013,1198.199951171875,971.0
1078035,1078268,1201.199951171875,1000.0
1078315,1078738,1122.199951171875,966.0999755859375
1078786,1078914,1163.699951171875,1015.7999877929688
1078941,1079164,1196.5999755859375,1040.300048828125
1079224,1079713,1269.800048828125,960.0999755859375
1079732,1079929,1286.800048828125,973.2999877929688
1079971,1080053,1242.699951171875,947.5999755859375
1080101,1080251,1262.199951171875,1007.4000244140625
1080286,1080562,1274.800048828125,1026.699951171875
1080592,1080884,1221.199951171875,1027.5
1080929,1081106,1208.199951171875,992.5999755859375
1081135,1081482,1217.0,946.2000122070312
1081526,1081701,1216.4000244140625,900.4000244140625
1081729,1081979,1252.199951171875,876.9000244140625
1082058,1082247,1193.5,880.9000244140625
1082265,1083178,1195.5999755859375,871.0999755859375
1083840,1086202,1197.0999755859375,968.2000122070312
1086214,1087153,1206.5999755859375,978.4000244140625
1087429,1087455,1215.0,921.5
1087463,1087526,1212.0,952.4000244140625
1087791,1089043,1207.199951171875,956.2999877929688
1089052,1089579,1202.5,964.0999755859375
1089631,1089944,1153.9000244140625,896.7999877929688
1089997,1090211,1250.9000244140625,895.0
1090293,1090603,1174.800048828125,999.0999755859375
1090627,1090819,1173.4000244140625,1027.9000244140625
1090847,1091118,1235.199951171875,1033.5999755859375
1091143,1092316,1248.5,1011.0
1092763,1094776,1207.4000244140625,962.7000122070312
1094806,1094987,1170.300048828125,992.2000122070312
1095020,1095980,1151.0,996.7999877929688
1097140,1097205,1222.5,961.4000244140625
1097211,1097572,1212.300048828125,956.7999877929688
1097580,1098471,1195.5999755859375,960.2000122070312
1098497,1098715,1187.9000244140625,999.4000244140625
1098765,1098978,1128.0999755859375,985.0999755859375
1099015,1099303,1157.0,1032.0999755859375
1099330,1099538,1204.699951171875,1042.5999755859375
1099597,1099995,1260.699951171875,975.0
1100043,1100319,1212.300048828125,938.5
1100352,1100579,1237.199951171875,925.9000244140625
1100593,1101926,1245.4000244140625,927.7000122070312
1102505,1103057,1224.800048828125,961.5999755859375
1103071,1104025,1202.5999755859375,960.9000244140625
1104067,1104301,1180.0,976.0
1104346,1104516,1141.9000244140625,1010.7999877929688
1104551,1104756,1189.4000244140625,1036.4000244140625
1104803,1104944,1241.9000244140625,1025.4000244140625
1105005,1105341,1284.4000244140625,945.5999755859375
1105401,1105587,1300.300048828125,1011.4000244140625
1105620,1106001,1255.0,1037.5999755859375
1106043,1106260,1224.199951171875,1013.4000244140625
1106292,1106638,1237.9000244140625,982.9000244140625
1106681,1107013,1222.9000244140625,938.2000122070312
1107041,1107321,1214.9000244140625,906.5999755859375
1107335,1108543,1204.300048828125,903.7000122070312
1108872,1111020,1197.4000244140625,977.7000122070312
1111067,1111318,1156.9000244140625,980.0999755859375
1111342,1112665,1147.199951171875,968.9000244140625
1113288,1113733,1216.0,959.7999877929688
1113752,1115099,1188.699951171875,966.2999877929688
1115139,1115437,1159.699951171875,970.5999755859375
1115492,1115635,1224.0999755859375,921.7000122070312
1115671,1115926,1245.9000244140625,885.0
1115997,1116161,1260.800048828125,965.9000244140625
1116202,1116483,1260.4000244140625,1006.2999877929688
1116507,1116873,1238.4000244140625,1034.699951171875
1116923,1117190,1171.0,999.2000122070312
1117217,1117411,1195.800048828125,1037.4000244140625
1117443,1118913,1184.5,1027.0999755859375
1119553,1119856,1232.5999755859375,962.7999877929688
1119879,1121422,1192.0999755859375,977.2999877929688
1121447,1124895,1207.699951171875,967.7999877929688
1124923,1125106,1218.199951171875,1005.0
1125148,1125386,1253.199951171875,982.5
1125418,1126736,1272.9000244140625,971.4000244140625
1127013,1127359,1241.5999755859375,978.2000122070312
1127385,1127664,1208.0,963.0
1127672,1129289,1215.9000244140625,976.2999877929688
1129316,1131006,1235.199951171875,999.2000122070312
1131014,1131042,1220.300048828125,987.4000244140625
1131276,1133516,1212.9000244140625,972.2000122070312
1133540,1133707,1216.4000244140625,1001.9000244140625
1133755,1133963,1156.199951171875,1008.0999755859375
1133995,1134844,1141.0,1007.2000122070312
1134853,1134943,1159.0,1000.5999755859375
1135208,1135232,1240.4000244140625,954.0999755859375
1135240,1139239,1204.199951171875,969.7999877929688
1139383,1140454,1201.4000244140625,970.5
