location,noise,contrast,correct,RT
2.125,0.2,0.53,1.0,0.5487280830275267
2.125,0.2,0.06,0.0,1.0553176251705736
2.125,0.2,0.01,1.0,0.49877920909784734
2.125,0.2,0.12,1.0,0.5255466671660542
2.125,0.2,0.02,1.0,1.1279555829241872
2.125,0.2,0.03,0.0,0.6560813749674708
2.125,0.2,0.26,1.0,0.6961463750340044
2.125,0.2,0.53,1.0,0.3835165419150144
2.125,0.2,0.06,1.0,1.2002731249667704
2.125,0.2,0.03,0.0,1.304872749838978
2.125,0.2,0.12,1.0,0.679029791848734
2.125,0.2,0.26,1.0,0.8067599590867758
2.125,0.2,0.01,0.0,1.136182958027348
2.125,0.2,0.02,1.0,0.9587393749970943
2.125,0.2,0.02,1.0,0.6480621669907123
2.125,0.2,0.53,1.0,0.4875179170630872
2.125,0.2,0.26,1.0,0.2151354169473052
2.125,0.2,0.06,1.0,0.39065079181455076
2.125,0.2,0.01,0.0,1.0154108749702573
2.125,0.2,0.03,1.0,0.9667981669772416
2.125,0.2,0.12,1.0,0.7273832499049604
2.125,0.2,0.02,1.0,0.9673870829865336
2.125,0.2,0.12,1.0,0.391362875001505
2.125,0.2,0.01,0.0,0.5514845829457045
2.125,0.2,0.53,1.0,0.39161391579546034
2.125,0.2,0.26,1.0,0.37498579104430974
2.125,0.2,0.03,1.0,1.2475105829071254
2.125,0.2,0.06,0.0,0.7112931660376489
2.125,0.2,0.12,1.0,0.3347982920240611
2.125,0.2,0.02,0.0,0.951283749891445
2.125,0.2,0.01,0.0,1.1029056669212878
2.125,0.2,0.53,1.0,0.3994590840302408
2.125,0.2,0.06,1.0,0.6714744169730693
2.125,0.2,0.26,1.0,0.3439701250754297
2.125,0.2,0.03,1.0,1.6951965829357505
2.125,0.2,0.01,0.0,0.8555399999022484
2.125,0.2,0.03,1.0,0.3761180001311004
2.125,0.2,0.12,1.0,0.6154451670590788
2.125,0.2,0.02,1.0,0.9994251660536975
2.125,0.2,0.26,0.0,0.535929209087044
2.125,0.2,0.06,0.0,0.8552758749574423
2.125,0.2,0.53,1.0,0.390804624883458
2.125,0.2,0.12,1.0,0.68672841694206
2.125,0.2,0.53,1.0,0.47165429196320474
2.125,0.2,0.01,0.0,1.0635060002095997
2.125,0.2,0.02,0.0,0.48693974991329014
2.125,0.2,0.06,1.0,0.3833534999284893
2.125,0.2,0.26,0.0,0.3194573752116412
2.125,0.2,0.03,1.0,1.1597444168291986
2.125,0.2,0.03,0.0,1.5841348750982434
2.125,0.2,0.01,0.0,0.61469716578722
2.125,0.2,0.26,1.0,0.39076641597785056
2.125,0.2,0.02,1.0,0.9753069581929594
2.125,0.2,0.12,1.0,0.43144920794293284
2.125,0.2,0.53,1.0,0.38274533301591873
2.125,0.2,0.06,1.0,0.6802182081155479
2.125,0.2,0.02,0.0,0.5034144162200391
2.125,0.2,0.03,1.0,0.647087916964665
2.125,0.2,0.01,0.0,0.5674658331554383
2.125,0.2,0.53,1.0,1.0314934579655528
2.125,0.2,0.12,1.0,0.6309565000701696
2.125,0.2,0.06,1.0,0.4801658750511706
2.125,0.2,0.26,1.0,0.8238706248812377
2.125,0.2,0.06,0.0,1.4948456669226289
2.125,0.2,0.02,1.0,0.6802038750611246
2.125,0.2,0.12,1.0,0.4077592920511961
2.125,0.2,0.03,0.0,0.9439105419442058
2.125,0.2,0.53,1.0,0.6712581249885261
2.125,0.2,0.26,1.0,0.463391917059198
2.125,0.2,0.01,0.0,0.5434721249621361
2.125,0.2,0.03,0.0,1.2712368750944734
2.125,0.2,0.01,0.0,0.6314679170027375
2.125,0.2,0.26,1.0,0.4947665419895202
2.125,0.2,0.02,0.0,0.5194888750556856
2.125,0.2,0.12,1.0,0.5274102501571178
2.125,0.2,0.53,1.0,0.7755827088840306
2.125,0.2,0.06,1.0,1.3059722080361098
2.125,0.2,0.06,1.0,0.9680220410227776
2.125,0.2,0.53,1.0,0.4307708749547601
2.125,0.2,0.02,1.0,0.6951140000019222
2.125,0.2,0.26,1.0,0.4872606669086963
2.125,0.2,0.03,0.0,0.6075457918923348
2.125,0.2,0.12,1.0,0.7514032078906894
2.125,0.2,0.01,1.0,0.6401717499829829
2.125,0.2,0.02,0.0,1.2230078331194818
2.125,0.2,0.53,1.0,0.5034101658966392
2.125,0.2,0.01,0.0,0.6954802088439465
2.125,0.2,0.26,1.0,0.3681937500368804
2.125,0.2,0.06,1.0,0.38306575012393296
2.125,0.2,0.12,1.0,0.41624366701580584
2.125,0.2,0.03,0.0,0.8800988339353353
2.125,0.2,0.06,1.0,0.6232337919063866
2.125,0.2,0.03,1.0,0.46305625000968575
2.125,0.2,0.01,0.0,0.46353137493133545
2.125,0.2,0.26,1.0,0.5522525000851601
2.125,0.2,0.12,1.0,0.335511791985482
2.125,0.2,0.53,0.0,0.6148829578887671
2.125,0.2,0.02,0.0,1.2481734999455512
2.125,0.2,0.53,1.0,0.5200124159455299
2.125,0.2,0.06,1.0,1.2309543339069933
2.125,0.2,0.03,0.0,1.2155369999818504
2.125,0.2,0.02,0.0,1.2067922500427812
2.125,0.2,0.01,0.0,0.5826874999329448
2.125,0.2,0.26,1.0,1.174935834016651
2.125,0.2,0.12,1.0,1.3512331668753177
2.125,0.2,0.53,1.0,0.5434484169818461
2.125,0.2,0.02,1.0,0.7586308338213712
2.125,0.2,0.01,0.0,0.5314200001303107
2.125,0.2,0.06,0.0,0.7594657919835299
2.125,0.2,0.26,1.0,0.4874995411373675
2.125,0.2,0.12,1.0,1.2634665409568697
2.125,0.2,0.03,0.0,0.6474934169091284
2.125,0.2,0.01,1.0,1.4155307919718325
2.125,0.2,0.02,0.0,0.5908076660707593
2.125,0.2,0.26,1.0,0.4471585829742253
2.125,0.2,0.03,0.0,0.40684766694903374
2.125,0.2,0.53,1.0,0.3914138749241829
2.125,0.2,0.12,1.0,1.614810915896669
2.125,0.2,0.06,1.0,0.5194185001309961
2.125,0.2,0.03,1.0,0.5748578750062734
2.125,0.2,0.02,0.0,0.4153374161105603
2.125,0.2,0.06,0.0,0.34285120805725455
2.125,0.2,0.26,1.0,0.4712571669369936
2.125,0.2,0.12,1.0,0.4320933339186013
2.125,0.2,0.53,1.0,0.20730024995282292
2.125,0.2,0.01,1.0,0.624134958954528
2.125,0.2,0.06,0.0,0.47119504190050066
2.125,0.2,0.03,1.0,0.44749795901589096
2.125,0.2,0.01,0.0,0.3360924159642309
2.125,0.2,0.12,1.0,0.3916286248713732
2.125,0.2,0.02,1.0,1.2071779579855502
2.125,0.2,0.26,1.0,0.45576275000348687
2.125,0.2,0.53,1.0,0.8314985840115696
2.125,0.2,0.12,1.0,0.4312279170844704
2.125,0.2,0.03,0.0,1.4471232080832124
2.125,0.2,0.53,1.0,0.3988802919629961
2.125,0.2,0.26,1.0,0.33481899998150766
2.125,0.2,0.06,1.0,0.4154281250666827
2.125,0.2,0.02,0.0,0.4794995828997344
2.125,0.2,0.01,0.0,0.5112024999689311
2.125,0.2,0.02,1.0,0.696188084082678
2.125,0.2,0.53,1.0,0.3430301249027252
2.125,0.2,0.06,1.0,0.43875291594304144
2.125,0.2,0.26,1.0,0.3907655831426382
2.125,0.2,0.12,1.0,0.5441678329370916
2.125,0.2,0.03,0.0,0.5914758329745382
2.125,0.2,0.01,1.0,0.5668422500602901
2.125,0.2,0.06,1.0,0.31168012507259846
2.125,0.2,0.02,1.0,0.5116092499811202
2.125,0.2,0.12,1.0,0.28011095803231
2.125,0.2,0.03,1.0,0.44799733301624656
2.125,0.2,0.53,1.0,0.37547383387573063
2.125,0.2,0.01,0.0,0.4875207080040127
2.125,0.2,0.26,1.0,0.3108553329948336
2.125,0.2,0.06,1.0,0.4474423748906702
2.125,0.2,0.01,1.0,0.3266501668840647
2.125,0.2,0.12,1.0,0.3841150419320911
2.125,0.2,0.26,1.0,0.32672837493009865
2.125,0.2,0.02,0.0,0.3675230420194566
2.125,0.2,0.53,1.0,0.27946095913648605
2.125,0.2,0.03,0.0,0.35164070897735655
2.125,0.2,0.53,1.0,0.3274519578553736
2.125,0.2,0.12,1.0,0.35886412509717047
2.125,0.2,0.02,1.0,0.41526304208673537
2.125,0.2,0.06,1.0,0.3427336250897497
2.125,0.2,0.01,0.0,0.39946695789694786
2.125,0.2,0.03,1.0,0.40702562499791384
2.125,0.2,0.26,1.0,0.3600980001501739
2.125,0.2,0.01,0.0,0.3108443340752274
2.125,0.2,0.06,1.0,0.3833430828526616
2.125,0.2,0.02,1.0,0.3355194579344243
2.125,0.2,0.26,1.0,0.34392554103396833
2.125,0.2,0.03,1.0,0.3828949579037726
2.125,0.2,0.12,1.0,0.34358079195953906
2.125,0.2,0.53,1.0,0.3995395000092685
2.125,0.2,0.03,0.0,0.4871306249406189
2.125,0.2,0.01,1.0,0.422801457811147
2.125,0.2,0.12,1.0,0.35089141712523997
2.125,0.2,0.53,1.0,0.36682462482713163
2.125,0.2,0.26,0.0,0.3991426657885313
2.125,0.2,0.02,0.0,0.34341254201717675
2.125,0.2,0.06,0.0,0.5508779168594629
2.125,0.2,0.01,1.0,0.4561583751346916
2.125,0.2,0.06,0.0,0.423388791969046
2.125,0.2,0.26,1.0,0.3995910829398781
2.125,0.2,0.03,1.0,0.4715798750985414
2.125,0.2,0.02,0.0,0.38343970803543925
2.125,0.2,0.12,1.0,0.3828058750368655
2.125,0.2,0.53,1.0,0.39174250001087785
2.125,0.2,0.12,1.0,0.39939674991182983
2.125,0.2,0.01,1.0,0.48743179091252387
2.125,0.2,0.53,1.0,0.3838062919676304
2.125,0.2,0.26,1.0,0.41486625000834465
2.125,0.2,0.06,1.0,0.6154930831398815
2.125,0.2,0.03,0.0,0.614856667118147
2.125,0.2,0.02,1.0,0.39188775001093745
2.125,0.2,0.53,1.0,0.680186792043969
2.125,0.2,0.26,1.0,0.45546033419668674
2.125,0.2,0.03,1.0,0.5035854580346495
2.125,0.2,0.12,1.0,0.4150730830151588
2.125,0.2,0.06,0.0,0.4074024581350386
2.125,0.2,0.01,1.0,0.4233795830514282
2.125,0.2,0.02,0.0,0.5109668329823762
2.125,0.2,0.26,1.0,0.47112674987874925
2.125,0.2,0.12,1.0,0.3348986250348389
2.125,0.2,0.02,0.0,0.5909684579819441
2.125,0.2,0.53,1.0,0.3748053750023246
2.125,0.2,0.03,1.0,0.4306427501142025
2.125,0.2,0.01,0.0,0.5200446660164744
2.125,0.2,0.06,1.0,0.4468211659695953
2.125,0.2,0.01,0.0,0.4798227499704808
2.125,0.2,0.06,1.0,0.7034149579703808
2.125,0.2,0.02,0.0,0.4873820829670876
2.125,0.2,0.53,1.0,0.39070812496356666
2.125,0.2,0.12,1.0,0.520094667095691
2.125,0.2,0.03,1.0,0.4874945420306176
2.125,0.2,0.26,0.0,0.383970458060503
2.125,0.2,0.02,0.0,1.528027500025928
2.125,0.2,0.01,1.0,0.5033791249152273
2.125,0.2,0.12,1.0,0.48799758311361074
2.125,0.2,0.06,1.0,0.3427802911028266
2.125,0.2,0.26,1.0,0.38312183297239244
2.125,0.2,0.53,1.0,0.33475662488490343
2.125,0.2,0.03,1.0,0.6155555828008801
2.125,0.2,0.12,1.0,0.3587667078245431
2.125,0.2,0.03,1.0,1.4382573750335723
2.125,0.2,0.01,0.0,0.5108195841312408
2.125,0.2,0.53,1.0,0.5121381669305265
2.125,0.2,0.26,1.0,0.4002370829693973
2.125,0.2,0.06,1.0,0.19144783285446465
2.125,0.2,0.02,0.0,0.43898041686043143
2.125,0.2,0.26,1.0,0.3601707499474287
2.125,0.2,0.03,0.0,0.8547051660716534
2.125,0.2,0.06,1.0,0.4313739580102265
2.125,0.2,0.12,1.0,0.38374099996872246
2.125,0.2,0.53,1.0,0.294891000026837
2.125,0.2,0.02,1.0,0.38419645791873336
2.125,0.2,0.01,0.0,0.5677137500606477
2.125,0.2,0.26,1.0,0.32747983396984637
2.125,0.2,0.02,0.0,0.3665871249977499
2.125,0.2,0.03,0.0,0.367584666935727
2.125,0.2,0.01,1.0,0.5268311249092221
2.125,0.2,0.06,1.0,0.5347970000002533
2.125,0.2,0.53,1.0,0.8954074590001255
2.125,0.2,0.12,1.0,0.40736554097384214
2.125,0.2,0.03,1.0,0.4482433330267668
2.125,0.2,0.06,1.0,0.46417833399027586
2.125,0.2,0.01,0.0,0.7112859999760985
2.125,0.2,0.02,0.0,0.6960512090008706
2.125,0.2,0.53,1.0,0.48826270806603134
2.125,0.2,0.12,1.0,0.976159333018586
2.125,0.2,0.26,1.0,0.3829621251206845
2.125,0.2,0.53,1.0,0.22340824990533292
2.125,0.2,0.01,1.0,0.711661749985069
2.125,0.2,0.02,1.0,0.4474642921704799
2.125,0.2,0.03,1.0,0.41541516594588757
2.125,0.2,0.26,1.0,0.15186004107818007
2.125,0.2,0.06,0.0,0.40684120799414814
2.125,0.2,0.12,1.0,0.3833014590200037
2.125,0.2,0.06,1.0,0.32747374987229705
2.125,0.2,0.53,1.0,0.4154367090668529
2.125,0.2,0.26,1.0,0.3921913329977542
2.125,0.2,0.01,1.0,0.38287141593173146
2.125,0.2,0.03,0.0,0.4313187920488417
2.125,0.2,0.02,1.0,0.40780566609464586
2.125,0.2,0.12,1.0,0.29558037500828505
2.125,0.2,0.06,1.0,0.41615370917133987
2.125,0.2,0.01,1.0,0.5029778748285025
2.125,0.2,0.12,1.0,0.3827958330512047
2.125,0.2,0.26,1.0,0.2796336659230292
2.125,0.2,0.53,1.0,0.39939704118296504
2.125,0.2,0.02,1.0,0.36748779215849936
2.125,0.2,0.03,1.0,0.4234040828887373
2.125,0.2,0.03,0.0,0.31149074994027615
2.125,0.2,0.01,1.0,0.30357458302751184
2.125,0.2,0.06,0.0,0.45488262502476573
2.125,0.2,0.26,1.0,0.3595108750741929
2.125,0.2,0.12,1.0,0.3356595828663558
2.125,0.2,0.02,0.0,0.3756790840998292
2.125,0.2,0.53,1.0,0.4156122498679906
6.375,0.2,0.12,1.0,0.7280876669101417
6.375,0.2,0.53,1.0,0.5034491659607738
6.375,0.2,0.06,1.0,1.7196088330820203
6.375,0.2,0.02,0.0,0.43956720898859203
6.375,0.2,0.03,1.0,0.49556349986232817
6.375,0.2,0.26,1.0,0.5995453330688179
6.375,0.2,0.01,0.0,0.559302750043571
6.375,0.2,0.02,0.0,0.8076040828600526
6.375,0.2,0.01,0.0,1.4874884160235524
6.375,0.2,0.03,0.0,0.9515237079467624
6.375,0.2,0.26,1.0,0.431503624888137
6.375,0.2,0.53,1.0,0.7915638750419021
6.375,0.2,0.06,1.0,0.5115737079177052
6.375,0.2,0.12,1.0,0.41557700000703335
6.375,0.2,0.12,1.0,0.6395947090350091
6.375,0.2,0.03,1.0,0.47959962487220764
6.375,0.2,0.06,1.0,0.3996152081526816
6.375,0.2,0.53,1.0,0.3835485000163317
6.375,0.2,0.26,1.0,1.0155546660535038
6.375,0.2,0.01,1.0,0.39159583300352097
6.375,0.2,0.02,1.0,0.6155465000774711
6.375,0.2,0.02,0.0,0.5596394168678671
6.375,0.2,0.01,0.0,0.5835593328811228
6.375,0.2,0.06,1.0,0.7514997920952737
6.375,0.2,0.12,0.0,0.43144291592761874
6.375,0.2,0.26,1.0,0.6315352499950677
6.375,0.2,0.53,1.0,0.8074655418749899
6.375,0.2,0.03,1.0,0.5436022498179227
6.375,0.2,0.53,1.0,0.22352216695435345
6.375,0.2,0.02,0.0,0.7515764581039548
6.375,0.2,0.12,1.0,0.3755251250695437
6.375,0.2,0.26,1.0,0.38360370812006295
6.375,0.2,0.01,0.0,1.000054624862969
6.375,0.2,0.06,0.0,0.7675765000749379
6.375,0.2,0.03,1.0,0.7434926249552518
6.375,0.2,0.01,0.0,0.4955393329728395
6.375,0.2,0.12,1.0,0.6315782910678536
6.375,0.2,0.03,0.0,0.599604208022356
6.375,0.2,0.02,0.0,0.6474631251767278
6.375,0.2,0.53,1.0,0.49552841717377305
6.375,0.2,0.06,0.0,0.639566833153367
6.375,0.2,0.26,1.0,0.615562791004777
6.375,0.2,0.02,0.0,0.7195877910126001
6.375,0.2,0.53,1.0,0.38358062505722046
6.375,0.2,0.06,1.0,0.7836244169156998
6.375,0.2,0.12,1.0,0.2555883750319481
6.375,0.2,0.26,1.0,0.30361974984407425
6.375,0.2,0.03,0.0,0.4482529161032289
6.375,0.2,0.01,0.0,0.7435773748438805
6.375,0.2,0.12,1.0,0.35959637514315546
6.375,0.2,0.53,1.0,0.9595695838797837
6.375,0.2,0.06,1.0,0.7195381249766797
6.375,0.2,0.02,1.0,0.8315754581708461
6.375,0.2,0.01,1.0,0.607577667105943
6.375,0.2,0.03,0.0,0.631523999851197
6.375,0.2,0.26,1.0,1.7516077090986073
6.375,0.2,0.12,0.0,0.39957483299076557
6.375,0.2,0.53,1.0,0.3275787499733269
6.375,0.2,0.03,1.0,0.5195799579378217
6.375,0.2,0.26,1.0,0.7196159169543535
6.375,0.2,0.01,1.0,0.4555235418956727
6.375,0.2,0.06,1.0,0.7276304580736905
6.375,0.2,0.02,1.0,0.7995983751025051
6.375,0.2,0.01,1.0,0.3826992081012577
6.375,0.2,0.02,0.0,0.4075871251989156
6.375,0.2,0.53,1.0,0.3195800418034196
6.375,0.2,0.03,0.0,1.4155897919554263
6.375,0.2,0.26,1.0,0.8716086249332875
6.375,0.2,0.12,0.0,0.8635678749997169
6.375,0.2,0.06,1.0,0.8639815831556916
6.375,0.2,0.02,0.0,0.7595861251465976
6.375,0.2,0.26,1.0,0.9195783750619739
6.375,0.2,0.06,1.0,1.223563167033717
6.375,0.2,0.01,1.0,0.6075757080689073
6.375,0.2,0.12,1.0,0.31155474996194243
6.375,0.2,0.53,1.0,0.3515826668590307
6.375,0.2,0.03,1.0,0.49976645805872977
6.375,0.2,0.02,0.0,0.33555612503550947
6.375,0.2,0.06,1.0,0.8314840421080589
6.375,0.2,0.12,0.0,0.19160862499848008
6.375,0.2,0.03,1.0,0.4555500838905573
6.375,0.2,0.01,1.0,0.5995548330247402
6.375,0.2,0.53,1.0,0.25557995820418
6.375,0.2,0.26,1.0,0.3276469169650227
6.375,0.2,0.26,1.0,0.3195666251704097
6.375,0.2,0.02,0.0,0.599585915915668
6.375,0.2,0.12,1.0,0.3995826249010861
6.375,0.2,0.01,1.0,0.3035718749742955
6.375,0.2,0.06,1.0,0.7435870410408825
6.375,0.2,0.03,0.0,0.5836424590088427
6.375,0.2,0.53,1.0,0.4635369998868555
6.375,0.2,0.01,1.0,0.4316358328796923
6.375,0.2,0.02,0.0,0.6156373750418425
6.375,0.2,0.03,0.0,0.4715171658899635
6.375,0.2,0.12,1.0,0.6715457499958575
6.375,0.2,0.26,1.0,0.5435382081195712
6.375,0.2,0.06,1.0,0.5435844170860946
6.375,0.2,0.53,1.0,0.40759570780210197
6.375,0.2,0.53,1.0,0.5355817079544067
6.375,0.2,0.03,1.0,0.44763733400031924
6.375,0.2,0.02,0.0,0.6395654589869082
6.375,0.2,0.12,1.0,0.9276577921118587
6.375,0.2,0.01,0.0,0.383517500013113
6.375,0.2,0.06,0.0,0.49560025008395314
6.375,0.2,0.26,1.0,0.35963366692885756
6.375,0.2,0.03,1.0,0.6156018329784274
6.375,0.2,0.26,1.0,0.7030502080451697
6.375,0.2,0.06,0.0,0.3274815420154482
6.375,0.2,0.01,1.0,0.6234969589859247
6.375,0.2,0.12,1.0,0.4475819580256939
6.375,0.2,0.02,1.0,0.35960554191842675
6.375,0.2,0.53,1.0,0.43159650010056794
6.375,0.2,0.53,1.0,0.3674406660720706
6.375,0.2,0.03,1.0,0.4635788749437779
6.375,0.2,0.26,1.0,0.8076147921383381
6.375,0.2,0.02,0.0,0.4797704580705613
6.375,0.2,0.06,1.0,0.6716107919346541
6.375,0.2,0.01,0.0,0.41547545907087624
6.375,0.2,0.12,1.0,0.38357699988409877
6.375,0.2,0.26,1.0,0.9915710829664022
6.375,0.2,0.06,0.0,0.5195829998701811
6.375,0.2,0.12,1.0,0.41566499997861683
6.375,0.2,0.01,1.0,0.5436212080530822
6.375,0.2,0.53,1.0,0.3915467499755323
6.375,0.2,0.03,1.0,0.5595622500404716
6.375,0.2,0.02,0.0,0.39155079214833677
6.375,0.2,0.06,0.0,0.7195805839728564
6.375,0.2,0.12,1.0,0.6475370000116527
6.375,0.2,0.53,1.0,0.30357791599817574
6.375,0.2,0.26,1.0,0.2475622498895973
6.375,0.2,0.01,1.0,0.935586541891098
6.375,0.2,0.03,0.0,0.4796049580909312
6.375,0.2,0.02,0.0,0.49555716710165143
6.375,0.2,0.02,0.0,0.863608832936734
6.375,0.2,0.53,1.0,0.31937195803038776
6.375,0.2,0.03,1.0,0.543608124833554
6.375,0.2,0.06,0.0,0.36750625004060566
6.375,0.2,0.26,1.0,0.21550595806911588
6.375,0.2,0.01,0.0,0.6955696658696979
6.375,0.2,0.12,1.0,0.41128312493674457
6.375,0.2,0.26,1.0,0.3755902911070734
6.375,0.2,0.12,1.0,0.3434707089327276
6.375,0.2,0.02,0.0,0.6796025419607759
6.375,0.2,0.06,1.0,0.591607959009707
6.375,0.2,0.03,0.0,0.3835573748219758
6.375,0.2,0.01,1.0,0.6476097910199314
6.375,0.2,0.53,1.0,0.3675458328798413
6.375,0.2,0.03,0.0,0.5756326671689749
6.375,0.2,0.26,1.0,0.40757591696456075
6.375,0.2,0.01,0.0,0.5915999170392752
6.375,0.2,0.02,1.0,0.6156041249632835
6.375,0.2,0.12,1.0,0.4235950419679284
6.375,0.2,0.06,1.0,0.5195590411312878
6.375,0.2,0.53,1.0,0.3755769159179181
6.375,0.2,0.12,1.0,0.49563262495212257
6.375,0.2,0.53,1.0,0.4235192500054836
6.375,0.2,0.03,0.0,0.4316100408323109
6.375,0.2,0.01,1.0,0.3516445830464363
6.375,0.2,0.02,0.0,0.42360812495462596
6.375,0.2,0.06,1.0,0.42354516708292067
6.375,0.2,0.26,1.0,0.3035368749406189
6.375,0.2,0.03,1.0,0.6158876658882946
6.375,0.2,0.53,1.0,0.35161570901982486
6.375,0.2,0.06,1.0,0.35962333297356963
6.375,0.2,0.01,1.0,0.3515583749394864
6.375,0.2,0.26,1.0,0.31953570898622274
6.375,0.2,0.02,0.0,0.7036001249216497
6.375,0.2,0.12,1.0,0.3595651660580188
6.375,0.2,0.02,0.0,0.5115306249354035
6.375,0.2,0.53,1.0,0.34328620810993016
6.375,0.2,0.03,0.0,0.7275999169796705
6.375,0.2,0.01,0.0,0.27155766589567065
6.375,0.2,0.06,1.0,0.3595842909999192
6.375,0.2,0.12,1.0,0.31159599986858666
6.375,0.2,0.26,1.0,0.3595424590166658
6.375,0.2,0.03,1.0,0.5515602498780936
6.375,0.2,0.53,1.0,0.32759204180911183
6.375,0.2,0.26,1.0,0.24764004186727107
6.375,0.2,0.01,0.0,5.991613625083119
6.375,0.2,0.12,1.0,0.5995262919459492
6.375,0.2,0.02,1.0,0.7035817499272525
6.375,0.2,0.06,1.0,0.46357158408500254
6.375,0.2,0.06,0.0,1.015632958849892
6.375,0.2,0.02,1.0,0.3116227090358734
6.375,0.2,0.01,0.0,0.6236619160044938
6.375,0.2,0.53,1.0,0.5755997910164297
6.375,0.2,0.12,0.0,0.43250720808282495
6.375,0.2,0.03,1.0,0.6475969590246677
6.375,0.2,0.26,1.0,0.4315552089828998
6.375,0.2,0.02,1.0,0.33553408295847476
6.375,0.2,0.01,0.0,0.5915680828038603
6.375,0.2,0.26,1.0,0.7675554999150336
6.375,0.2,0.53,1.0,0.4235699169803411
6.375,0.2,0.06,1.0,0.4396074579562992
6.375,0.2,0.12,1.0,0.38359654089435935
6.375,0.2,0.03,1.0,0.3834599999245256
6.375,0.2,0.26,1.0,0.263543542008847
6.375,0.2,0.02,1.0,0.5675849169492722
6.375,0.2,0.01,1.0,0.27158550010062754
6.375,0.2,0.03,1.0,0.45553920906968415
6.375,0.2,0.12,1.0,0.4473330839537084
6.375,0.2,0.53,1.0,0.2955418329220265
6.375,0.2,0.06,0.0,0.6076067502144724
6.375,0.2,0.06,1.0,0.6475825828965753
6.375,0.2,0.01,1.0,0.44763041590340436
6.375,0.2,0.53,1.0,0.35159275005571544
6.375,0.2,0.26,0.0,0.5915806659031659
6.375,0.2,0.03,1.0,0.6636036660056561
6.375,0.2,0.02,1.0,0.5755395418964326
6.375,0.2,0.12,1.0,0.3355708750896156
6.375,0.2,0.03,1.0,0.21557679190300405
6.375,0.2,0.06,0.0,1.0156259580980986
6.375,0.2,0.01,0.0,0.5756272501312196
6.375,0.2,0.12,1.0,0.6475694999098778
6.375,0.2,0.02,1.0,0.5914797498844564
6.375,0.2,0.53,1.0,0.3835746250115335
6.375,0.2,0.26,1.0,0.3595603338908404
6.375,0.2,0.02,0.0,0.4475691660773009
6.375,0.2,0.26,1.0,0.34322145907208323
6.375,0.2,0.03,0.0,0.5836260409560055
6.375,0.2,0.53,1.0,0.5675701252184808
6.375,0.2,0.01,0.0,0.4955700000282377
6.375,0.2,0.12,0.0,0.38357370905578136
6.375,0.2,0.06,1.0,0.39159479085355997
6.375,0.2,0.53,1.0,0.41561362496577203
6.375,0.2,0.01,0.0,0.6235680829267949
6.375,0.2,0.02,0.0,0.4236067079473287
6.375,0.2,0.06,1.0,0.3035138340201229
6.375,0.2,0.03,1.0,0.4555973340757191
6.375,0.2,0.26,1.0,0.375620000064373
6.375,0.2,0.12,1.0,0.3116335419472307
6.375,0.2,0.01,0.0,0.21557408291846514
6.375,0.2,0.02,0.0,0.49560575000941753
6.375,0.2,0.53,1.0,0.3515914159361273
6.375,0.2,0.26,1.0,0.1756235829088837
6.375,0.2,0.03,1.0,0.2555865829344839
6.375,0.2,0.12,1.0,0.5595649580936879
6.375,0.2,0.06,0.0,0.2956103750038892
6.375,0.2,0.02,0.0,0.23950458294712007
6.375,0.2,0.12,1.0,0.30394179187715054
6.375,0.2,0.01,1.0,0.2875642089638859
6.375,0.2,0.53,1.0,0.2235262501053512
6.375,0.2,0.06,0.0,0.15952712506987154
6.375,0.2,0.26,1.0,0.22356579219922423
6.375,0.2,0.03,1.0,0.35959374997764826
6.375,0.2,0.12,1.0,0.2475603329949081
6.375,0.2,0.02,1.0,0.3515735000837594
6.375,0.2,0.03,1.0,0.31164037482813
6.375,0.2,0.26,1.0,0.3276340828742832
6.375,0.2,0.53,1.0,0.1915868748910725
6.375,0.2,0.01,1.0,0.23956116707995534
6.375,0.2,0.06,0.0,0.2155929170548916
6.375,0.2,0.53,1.0,0.27949354192242026
6.375,0.2,0.02,1.0,0.40763012506067753
6.375,0.2,0.06,1.0,0.3515465829987079
6.375,0.2,0.01,1.0,0.42371191713027656
6.375,0.2,0.26,1.0,0.29556220886297524
6.375,0.2,0.03,0.0,0.4236595418769866
6.375,0.2,0.12,0.0,0.3676106669008732
6.375,0.2,0.03,1.0,0.3515588331501931
6.375,0.2,0.12,0.0,0.3836524998769164
6.375,0.2,0.02,0.0,0.28762575006112456
6.375,0.2,0.53,1.0,0.27157583413645625
6.375,0.2,0.26,1.0,0.17561862501315773
6.375,0.2,0.06,0.0,0.39965062495321035
6.375,0.2,0.01,0.0,0.4476740420795977
6.375,0.2,0.01,0.0,0.24757487513124943
6.375,0.2,0.53,1.0,0.35156916710548103
6.375,0.2,0.03,1.0,0.6876363749615848
6.375,0.2,0.06,0.0,0.4634651248343289
6.375,0.2,0.02,0.0,0.3834903750102967
6.375,0.2,0.26,1.0,0.3756260829977691
6.375,0.2,0.12,1.0,0.3355230421293527
6.375,0.2,0.03,0.0,0.3515671659260988
6.375,0.2,0.53,1.0,0.2795813751872629
6.375,0.2,0.02,0.0,0.4395639169961214
6.375,0.2,0.01,0.0,0.3036295420024544
6.375,0.2,0.06,1.0,0.4872495410963893
6.375,0.2,0.26,1.0,0.37556845881044865
6.375,0.2,0.12,1.0,0.7595992498099804
2.125,0.05,0.02,0.0,0.9516227501444519
2.125,0.05,0.52,1.0,0.21080100000835955
2.125,0.05,0.01,1.0,0.18377304216846824
2.125,0.05,0.2,1.0,0.352134709013626
2.125,0.05,0.03,1.0,0.1115019170101732
2.125,0.05,0.08,1.0,0.09457704098895192
2.125,0.05,0.01,1.0,0.7999959159642458
2.125,0.05,0.52,1.0,0.07019899995066226
2.125,0.05,0.2,1.0,0.2875860829371959
2.125,0.05,0.08,1.0,0.18327579204924405
2.125,0.05,0.02,0.0,0.4242034580092877
2.125,0.05,0.03,1.0,0.10367674985900521
2.125,0.05,0.01,1.0,0.25602874998003244
2.125,0.05,0.01,1.0,0.16018295800313354
2.125,0.05,0.02,1.0,0.46358274994418025
2.125,0.05,0.03,1.0,0.11898554186336696
2.125,0.05,0.01,1.0,0.04705041693523526
2.125,0.05,0.01,0.0,0.1836765839252621
2.125,0.05,0.08,1.0,0.415550917154178
2.125,0.05,0.2,1.0,0.159589541843161
2.125,0.05,0.52,1.0,0.07160595804452896
2.125,0.05,0.01,1.0,0.28011474991217256
2.125,0.05,0.01,1.0,0.19189574988558888
2.125,0.05,0.08,1.0,0.38357195793651044
2.125,0.05,0.03,0.0,0.2875285828486085
2.125,0.05,0.52,1.0,0.17520149983465672
2.125,0.05,0.02,1.0,0.4875700839329511
2.125,0.05,0.2,1.0,0.14389150007627904
2.125,0.05,0.03,1.0,0.39202862489037216
2.125,0.05,0.01,0.0,0.4075878341682255
2.125,0.05,0.52,1.0,0.319530334090814
2.125,0.05,0.08,1.0,0.11928770900703967
2.125,0.05,0.02,1.0,0.3760416661389172
2.125,0.05,0.01,1.0,0.26414779108017683
2.125,0.05,0.2,1.0,0.2720640420448035
2.125,0.05,0.08,1.0,0.4160551668610424
2.125,0.05,0.03,1.0,0.20809354190714657
2.125,0.05,0.02,1.0,0.6625869160052389
2.125,0.05,0.01,1.0,0.3042007500771433
2.125,0.05,0.52,1.0,0.11126912501640618
2.125,0.05,0.2,1.0,0.175457458011806
2.125,0.05,0.01,0.0,0.310892750043422
2.125,0.05,0.03,1.0,0.06402545887976885
2.125,0.05,0.01,0.0,0.2560674170963466
2.125,0.05,0.2,1.0,0.23959770915098488
2.125,0.05,0.02,1.0,0.2881080841179937
2.125,0.05,0.01,1.0,0.15107291704043746
2.125,0.05,0.52,1.0,0.16724741691723466
2.125,0.05,0.08,1.0,0.8555193750653416
2.125,0.05,0.02,1.0,0.1839745829347521
2.125,0.05,0.03,0.0,0.23220558417961001
2.125,0.05,0.2,1.0,0.0951909578870982
2.125,0.05,0.08,1.0,0.12708662496879697
2.125,0.05,0.01,1.0,0.3996447918470949
2.125,0.05,0.01,0.0,0.14361416595056653
2.125,0.05,0.52,1.0,0.04734204197302461
2.125,0.05,0.01,1.0,0.3041944170836359
2.125,0.05,0.2,1.0,0.11194391595199704
2.125,0.05,0.01,0.0,0.7520552920177579
2.125,0.05,0.52,1.0,0.1432999160606414
2.125,0.05,0.08,1.0,0.09542804094962776
2.125,0.05,0.02,1.0,0.21555104106664658
2.125,0.05,0.03,1.0,0.1841440841089934
2.125,0.05,0.01,1.0,0.10359804099425673
2.125,0.05,0.02,1.0,0.6001259998884052
2.125,0.05,0.52,1.0,0.20787125010974705
2.125,0.05,0.03,1.0,0.3105069170705974
2.125,0.05,0.08,1.0,0.06325454101897776
2.125,0.05,0.01,1.0,0.20356749999336898
2.125,0.05,0.2,1.0,0.15187341603450477
2.125,0.05,0.2,1.0,0.06301058293320239
2.125,0.05,0.01,0.0,0.5515466670040041
2.125,0.05,0.02,1.0,0.5921497920062393
2.125,0.05,0.03,1.0,0.21554266614839435
2.125,0.05,0.52,1.0,0.1352674998342991
2.125,0.05,0.08,0.0,0.31211666599847376
2.125,0.05,0.01,1.0,0.4236151669174433
2.125,0.05,0.03,1.0,0.15126720792613924
2.125,0.05,0.52,1.0,0.21526966709643602
2.125,0.05,0.01,0.0,0.2882346250116825
2.125,0.05,0.2,1.0,0.0630183748435229
2.125,0.05,0.02,1.0,0.05504895793274045
2.125,0.05,0.01,0.0,0.24020124995149672
2.125,0.05,0.08,1.0,0.11095795803703368
2.125,0.05,0.01,1.0,0.30358620802871883
2.125,0.05,0.2,1.0,0.26408870820887387
2.125,0.05,0.52,1.0,0.28007629211060703
2.125,0.05,0.02,1.0,0.07964612520299852
2.125,0.05,0.03,1.0,0.03903520782478154
2.125,0.05,0.01,1.0,0.24812195799313486
2.125,0.05,0.08,1.0,0.2155616250820458
2.125,0.05,0.08,1.0,0.2077600839547813
2.125,0.05,0.01,0.0,0.3516434591729194
2.125,0.05,0.52,1.0,0.47962129092775285
2.125,0.05,0.02,0.0,0.38407499995082617
2.125,0.05,0.01,1.0,0.1915778329130262
2.125,0.05,0.03,1.0,0.3515745000913739
2.125,0.05,0.2,1.0,0.20023349998518825
2.125,0.05,0.03,1.0,0.47209683316759765
2.125,0.05,0.02,0.0,0.38349933410063386
2.125,0.05,0.01,1.0,0.24758679093793035
2.125,0.05,0.52,1.0,0.19100612495094538
2.125,0.05,0.08,1.0,0.15921862493269145
2.125,0.05,0.01,1.0,0.37615625001490116
2.125,0.05,0.2,1.0,0.12008695816621184
2.125,0.05,0.52,1.0,0.7755835000425577
2.125,0.05,0.01,0.0,0.2080884170718491
2.125,0.05,0.2,1.0,0.07111391704529524
2.125,0.05,0.02,1.0,0.48000587499700487
2.125,0.05,0.03,1.0,0.23187849996611476
2.125,0.05,0.08,1.0,0.1281386250630021
2.125,0.05,0.01,0.0,0.695574542041868
2.125,0.05,0.01,0.0,0.031237457878887653
2.125,0.05,0.02,0.0,0.35955033311620355
2.125,0.05,0.52,1.0,0.09502220805734396
2.125,0.05,0.08,1.0,0.16768812481313944
2.125,0.05,0.2,1.0,0.11926041590049863
2.125,0.05,0.01,0.0,0.2882341251242906
2.125,0.05,0.03,1.0,0.5115713339764625
2.125,0.05,0.2,1.0,0.2561896659899503
2.125,0.05,0.01,1.0,0.20755316712893546
2.125,0.05,0.01,1.0,0.4875812919344753
2.125,0.05,0.52,1.0,0.26358754211105406
2.125,0.05,0.02,0.0,0.2795985001139343
2.125,0.05,0.08,1.0,0.09023662493564188
2.125,0.05,0.03,1.0,0.24750770907849073
2.125,0.05,0.01,0.0,0.3041066250298172
2.125,0.05,0.03,0.0,0.38356524985283613
2.125,0.05,0.02,1.0,0.17527066706679761
2.125,0.05,0.01,0.0,0.5281242500059307
2.125,0.05,0.2,1.0,1.0641994171310216
2.125,0.05,0.52,1.0,0.5841041249223053
2.125,0.05,0.08,1.0,0.3152848337776959
2.125,0.05,0.01,1.0,0.6802225420251489
2.125,0.05,0.52,1.0,0.8318916249554604
2.125,0.05,0.08,1.0,0.6479265000671148
2.125,0.05,0.01,0.0,0.7596329168882221
2.125,0.05,0.02,0.0,0.4482115840073675
2.125,0.05,0.03,1.0,0.024462207918986678
2.125,0.05,0.2,1.0,0.28753262502141297
2.125,0.05,0.01,1.0,0.33554808306507766
2.125,0.05,0.03,1.0,0.3837739590089768
2.125,0.05,0.08,1.0,0.23000099998898804
2.125,0.05,0.52,1.0,0.151325416052714
2.125,0.05,0.2,1.0,0.1520851249806583
2.125,0.05,0.01,1.0,0.2715892910491675
2.125,0.05,0.02,0.0,1.319580249954015
2.125,0.05,0.2,1.0,0.19130024989135563
2.125,0.05,0.03,1.0,0.11962804198265076
2.125,0.05,0.01,1.0,0.24006108287721872
2.125,0.05,0.01,1.0,0.4476051249075681
2.125,0.05,0.08,1.0,0.19173712492920458
2.125,0.05,0.02,0.0,0.4235946668777615
2.125,0.05,0.52,1.0,0.19972483278252184
2.125,0.05,0.01,1.0,0.360122499987483
2.125,0.05,0.52,1.0,0.20787150016985834
2.125,0.05,0.01,0.0,0.23959608282893896
2.125,0.05,0.03,1.0,0.20754883298650384
2.125,0.05,0.02,1.0,0.1672695828601718
2.125,0.05,0.08,0.0,0.17511054105125368
2.125,0.05,0.2,1.0,0.38361245789565146
2.125,0.05,0.01,1.0,0.4715207500848919
2.125,0.05,0.52,1.0,0.37553449999541044
2.125,0.05,0.02,0.0,0.6314718329813331
2.125,0.05,0.03,1.0,1.0395701669622213
2.125,0.05,0.2,1.0,0.6635234169661999
2.125,0.05,0.08,1.0,0.6683285001199692
2.125,0.05,0.01,0.0,1.1755780829116702
2.125,0.05,0.52,1.0,0.5906010828912258
2.125,0.05,0.08,1.0,0.2472052921075374
2.125,0.05,0.02,1.0,0.7583912089467049
2.125,0.05,0.01,0.0,0.54351304192096
2.125,0.05,0.2,1.0,0.47957112500444055
2.125,0.05,0.01,1.0,0.5115565410815179
2.125,0.05,0.03,1.0,0.22357337502762675
2.125,0.05,0.01,0.0,0.6556197090540081
2.125,0.05,0.01,0.0,0.38432537484914064
2.125,0.05,0.2,1.0,0.10310691688209772
2.125,0.05,0.08,1.0,0.24750850000418723
2.125,0.05,0.52,1.0,0.30357312480919063
2.125,0.05,0.02,1.0,0.38350616698153317
2.125,0.05,0.03,1.0,0.19958362495526671
2.125,0.05,0.01,0.0,0.32015549996867776
2.125,0.05,0.08,1.0,0.43160162516869605
2.125,0.05,0.03,1.0,0.19131145905703306
2.125,0.05,0.02,1.0,0.3355562079232186
2.125,0.05,0.2,1.0,0.38256437494419515
2.125,0.05,0.01,1.0,0.3516146671026945
2.125,0.05,0.52,1.0,0.15196883282624185
2.125,0.05,0.2,1.0,0.21602574991993606
2.125,0.05,0.03,1.0,0.1751016250345856
2.125,0.05,0.08,1.0,0.1119363340549171
2.125,0.05,0.01,1.0,0.3915963750332594
2.125,0.05,0.52,1.0,1.7921697909478098
2.125,0.05,0.02,1.0,0.5841368329711258
2.125,0.05,0.01,0.0,0.9598931658547372
2.125,0.05,0.03,0.0,0.3916284581646323
2.125,0.05,0.01,1.0,0.3916474590077996
2.125,0.05,0.01,0.0,0.40761033399030566
2.125,0.05,0.2,0.0,0.3515802079346031
2.125,0.05,0.08,1.0,0.2954043331556022
2.125,0.05,0.52,1.0,0.19175212504342198
2.125,0.05,0.02,1.0,0.23189062508754432
2.125,0.05,0.08,1.0,0.1599381249397993
2.125,0.05,0.52,1.0,0.12017345894128084
2.125,0.05,0.03,1.0,0.23161083296872675
2.125,0.05,0.02,1.0,0.11127379210665822
2.125,0.05,0.2,1.0,0.3281415409874171
2.125,0.05,0.01,0.0,0.4482243750244379
2.125,0.05,0.01,1.0,0.19957683281973004
2.125,0.05,0.03,1.0,0.1517727088648826
2.125,0.05,0.01,1.0,0.23960766708478332
2.125,0.05,0.01,1.0,0.19126208312809467
2.125,0.05,0.02,1.0,0.4955133330076933
2.125,0.05,0.08,1.0,0.10386516689322889
2.125,0.05,0.2,1.0,0.255525124957785
2.125,0.05,0.52,1.0,0.15106612513773143
2.125,0.05,0.08,1.0,0.7035711251664907
2.125,0.05,0.52,1.0,0.336120167048648
2.125,0.05,0.01,1.0,0.08708883286453784
2.125,0.05,0.2,1.0,0.31951587507501245
2.125,0.05,0.03,1.0,0.25627316697500646
2.125,0.05,0.02,0.0,0.5276040420867503
2.125,0.05,0.01,0.0,0.33563916594721377
2.125,0.05,0.2,1.0,0.3675470829475671
2.125,0.05,0.01,0.0,0.09567779093049467
2.125,0.05,0.01,1.0,0.2235233341343701
2.125,0.05,0.03,1.0,0.24760166718624532
2.125,0.05,0.52,1.0,0.11924691707827151
2.125,0.05,0.08,1.0,0.0871392919216305
2.125,0.05,0.02,0.0,0.16267574997618794
2.125,0.05,0.02,1.0,0.22285358305089176
2.125,0.05,0.52,1.0,0.1115981659386307
2.125,0.05,0.08,1.0,0.13528691604733467
2.125,0.05,0.01,0.0,0.2236147909425199
2.125,0.05,0.01,1.0,0.35965412482619286
2.125,0.05,0.03,1.0,0.2560759170446545
2.125,0.05,0.2,1.0,0.25562741607427597
2.125,0.05,0.01,0.0,0.28758500004187226
2.125,0.05,0.52,1.0,0.2796392501331866
2.125,0.05,0.01,0.0,0.5040775409433991
2.125,0.05,0.03,1.0,0.3276000409387052
2.125,0.05,0.08,1.0,0.41553391702473164
2.125,0.05,0.2,1.0,0.23953770892694592
2.125,0.05,0.02,0.0,0.39961550012230873
2.125,0.05,0.02,1.0,0.25556012499146163
2.125,0.05,0.2,1.0,0.24758029193617404
2.125,0.05,0.08,0.0,0.1433239160105586
2.125,0.05,0.52,1.0,0.21559725003316998
2.125,0.05,0.03,1.0,0.15118412487208843
2.125,0.05,0.01,0.0,0.8795929159969091
2.125,0.05,0.01,0.0,0.5675324171315879
2.125,0.05,0.02,1.0,0.50351387495175
2.125,0.05,0.03,1.0,0.45514691690914333
2.125,0.05,0.52,1.0,0.2955707088112831
2.125,0.05,0.2,1.0,0.23119912506081164
2.125,0.05,0.01,0.0,0.47961775003932416
2.125,0.05,0.08,1.0,0.1512147078756243
2.125,0.05,0.01,0.0,0.4076024158857763
2.125,0.05,0.01,1.0,0.3275725420098752
2.125,0.05,0.03,0.0,0.3522832910530269
2.125,0.05,0.52,1.0,0.27156579098664224
2.125,0.05,0.2,1.0,0.2635332918725908
2.125,0.05,0.02,1.0,0.8635736668948084
2.125,0.05,0.01,0.0,0.5920995830092579
2.125,0.05,0.08,0.0,0.32764483289793134
2.125,0.05,0.52,1.0,0.24756854120641947
2.125,0.05,0.03,1.0,0.32765879086218774
2.125,0.05,0.01,0.0,0.8396223750896752
2.125,0.05,0.01,1.0,0.35207475000061095
2.125,0.05,0.2,1.0,0.2875615421216935
2.125,0.05,0.02,0.0,0.5755034999456257
2.125,0.05,0.08,1.0,0.7436601661611348
2.125,0.05,0.01,0.0,0.33611775003373623
2.125,0.05,0.08,1.0,0.16725462512113154
2.125,0.05,0.01,0.0,0.35161904199048877
2.125,0.05,0.03,1.0,0.18327591684646904
2.125,0.05,0.2,1.0,0.2635821250732988
2.125,0.05,0.02,1.0,0.4875709998887032
2.125,0.05,0.52,1.0,0.26362516707740724
6.375,0.05,0.01,0.0,0.5036874581128359
6.375,0.05,0.52,1.0,0.3195549170486629
6.375,0.05,0.03,1.0,0.4235169580206275
6.375,0.05,0.08,1.0,0.3278127498924732
6.375,0.05,0.02,1.0,0.34397275000810623
6.375,0.05,0.01,1.0,0.2319952081888914
6.375,0.05,0.2,1.0,0.16785937501117587
6.375,0.05,0.03,1.0,0.22359104198403656
6.375,0.05,0.52,1.0,0.20753816701471806
6.375,0.05,0.01,1.0,0.2875950001180172
6.375,0.05,0.08,1.0,0.12760658306069672
6.375,0.05,0.01,0.0,0.3116080828476697
6.375,0.05,0.02,0.0,0.5595919578336179
6.375,0.05,0.2,0.0,0.21559224999509752
6.375,0.05,0.02,0.0,0.8715914997737855
6.375,0.05,0.2,1.0,0.3515664169099182
6.375,0.05,0.01,0.0,0.35945991706103086
6.375,0.05,0.08,1.0,0.3356172500643879
6.375,0.05,0.03,1.0,0.39160412503406405
6.375,0.05,0.52,1.0,0.35961416689679027
6.375,0.05,0.01,0.0,0.4635729999281466
6.375,0.05,0.01,0.0,0.3756193339359015
6.375,0.05,0.08,1.0,0.37557574990205467
6.375,0.05,0.2,1.0,0.36759749986231327
6.375,0.05,0.02,1.0,0.4319362919777632
6.375,0.05,0.03,0.0,0.551636208081618
6.375,0.05,0.52,1.0,0.33552145794965327
6.375,0.05,0.01,1.0,0.919564041076228
6.375,0.05,0.2,1.0,0.359608958940953
6.375,0.05,0.03,0.0,0.3998847499024123
6.375,0.05,0.02,1.0,0.3915508750360459
6.375,0.05,0.01,0.0,0.31966116605326533
6.375,0.05,0.08,1.0,0.26364062493667006
6.375,0.05,0.01,0.0,0.36757608293555677
6.375,0.05,0.52,1.0,0.28761604195460677
6.375,0.05,0.52,1.0,0.31163416686467826
6.375,0.05,0.2,1.0,0.23955404199659824
6.375,0.05,0.03,1.0,0.5112888331059366
6.375,0.05,0.08,1.0,0.31162687484174967
6.375,0.05,0.01,1.0,0.29558799997903407
6.375,0.05,0.02,0.0,0.14356583287008107
6.375,0.05,0.01,1.0,0.3195907911285758
6.375,0.05,0.01,0.0,0.5916067080106586
6.375,0.05,0.02,0.0,0.5995332908350974
6.375,0.05,0.03,0.0,0.3436313751153648
6.375,0.05,0.2,1.0,0.3276087499689311
6.375,0.05,0.52,1.0,0.33555099996738136
6.375,0.05,0.08,1.0,0.0630353749729693
6.375,0.05,0.01,0.0,0.3995782919228077
6.375,0.05,0.2,1.0,1.6236563329584897
6.375,0.05,0.01,1.0,0.5596765000373125
6.375,0.05,0.01,1.0,0.30375275015830994
6.375,0.05,0.52,1.0,0.24755308288149536
6.375,0.05,0.03,1.0,0.279578167013824
6.375,0.05,0.08,1.0,0.31185575015842915
6.375,0.05,0.02,0.0,0.2796091251075268
6.375,0.05,0.01,0.0,0.27963604195974767
6.375,0.05,0.2,1.0,0.2956190418917686
6.375,0.05,0.03,0.0,0.33590687485411763
6.375,0.05,0.52,1.0,0.2395620420575142
6.375,0.05,0.08,1.0,0.3356402500066906
6.375,0.05,0.01,1.0,0.22363604209385812
6.375,0.05,0.02,0.0,0.5515940000768751
6.375,0.05,0.08,1.0,0.31156858312897384
6.375,0.05,0.52,1.0,0.16759058297611773
6.375,0.05,0.2,1.0,0.25559620815329254
6.375,0.05,0.02,1.0,0.28746416699141264
6.375,0.05,0.01,0.0,0.6639473750256002
6.375,0.05,0.01,1.0,0.4236209171358496
6.375,0.05,0.03,1.0,0.4156144158914685
6.375,0.05,0.2,1.0,0.13555125007405877
6.375,0.05,0.01,1.0,0.5359410420060158
6.375,0.05,0.02,1.0,0.3358989998232573
6.375,0.05,0.08,1.0,0.1276627911720425
6.375,0.05,0.03,1.0,0.44757629185914993
6.375,0.05,0.01,1.0,0.38357845903374255
6.375,0.05,0.52,1.0,0.37559512513689697
6.375,0.05,0.2,0.0,0.2635911249089986
6.375,0.05,0.52,1.0,0.29556674999184906
6.375,0.05,0.02,0.0,0.4796469588764012
6.375,0.05,0.08,1.0,0.31160179199650884
6.375,0.05,0.03,1.0,1.6555732910055667
6.375,0.05,0.01,1.0,0.17521758400835097
6.375,0.05,0.01,1.0,0.0234523331746459
6.375,0.05,0.01,1.0,0.4241537090856582
6.375,0.05,0.08,1.0,0.47156633296981454
6.375,0.05,0.03,1.0,0.13568475004285574
6.375,0.05,0.02,0.0,0.8079399580601603
6.375,0.05,0.2,1.0,0.3115687081590295
6.375,0.05,0.01,1.0,0.3553570001386106
6.375,0.05,0.52,1.0,0.23992333305068314
6.375,0.05,0.02,0.0,0.12758058379404247
6.375,0.05,0.52,1.0,0.13034879206679761
6.375,0.05,0.08,1.0,0.43998491717502475
6.375,0.05,0.01,0.0,0.25801708293147385
6.375,0.05,0.2,1.0,0.15960075007751584
6.375,0.05,0.03,1.0,0.5916436251718551
6.375,0.05,0.01,0.0,0.5196017089765519
6.375,0.05,0.03,1.0,0.7756124578882009
6.375,0.05,0.02,0.0,0.4038192501757294
6.375,0.05,0.01,0.0,0.3511583327781409
6.375,0.05,0.08,1.0,0.3516022921539843
6.375,0.05,0.52,1.0,0.3282249169424176
6.375,0.05,0.2,1.0,0.33562537492252886
6.375,0.05,0.01,1.0,0.21555387508124113
6.375,0.05,0.02,0.0,0.34362016688100994
6.375,0.05,0.01,0.0,0.3195747078862041
6.375,0.05,0.03,1.0,0.3595891671720892
6.375,0.05,0.01,1.0,0.2878242088481784
6.375,0.05,0.08,1.0,0.3195785409770906
6.375,0.05,0.2,1.0,0.34363358304835856
6.375,0.05,0.52,0.0,0.24748833407647908
6.375,0.05,0.03,1.0,0.5034464159980416
6.375,0.05,0.2,1.0,0.33595633297227323
6.375,0.05,0.08,1.0,0.2716313749551773
6.375,0.05,0.02,1.0,0.5519173750653863
6.375,0.05,0.01,1.0,0.6075875000096858
6.375,0.05,0.01,0.0,0.3359108748845756
6.375,0.05,0.52,1.0,0.3675109997857362
6.375,0.05,0.01,1.0,0.47156795812770724
6.375,0.05,0.01,1.0,0.3434847919270396
6.375,0.05,0.08,1.0,0.3116292501799762
6.375,0.05,0.2,1.0,0.3355805000755936
6.375,0.05,0.02,1.0,0.47159974998794496
6.375,0.05,0.03,1.0,0.5196498329751194
6.375,0.05,0.52,0.0,0.31169058312661946
6.375,0.05,0.01,1.0,0.3915848331525922
6.375,0.05,0.01,1.0,0.3834899999201298
6.375,0.05,0.08,1.0,0.30390637507662177
6.375,0.05,0.02,1.0,0.4635968329384923
6.375,0.05,0.2,1.0,0.15959066711366177
6.375,0.05,0.52,1.0,0.0951326668728143
6.375,0.05,0.03,1.0,0.39161887508817017
6.375,0.05,0.03,0.0,0.23157816706225276
6.375,0.05,0.2,1.0,0.1278199590742588
6.375,0.05,0.52,1.0,0.2236097080167383
6.375,0.05,0.08,1.0,0.1995891248807311
6.375,0.05,0.01,1.0,0.3595940419472754
6.375,0.05,0.02,1.0,0.2235610419884324
6.375,0.05,0.01,0.0,0.19156258320435882
6.375,0.05,0.08,1.0,0.13556624995544553
6.375,0.05,0.52,1.0,0.2719086669385433
6.375,0.05,0.02,0.0,0.2152487081475556
6.375,0.05,0.03,1.0,0.2635079170577228
6.375,0.05,0.2,1.0,0.16761825000867248
6.375,0.05,0.01,0.0,0.2715947499964386
6.375,0.05,0.01,1.0,1.2236688749399036
6.375,0.05,0.03,1.0,0.40764533285982907
6.375,0.05,0.01,0.0,0.19152112514711916
6.375,0.05,0.52,1.0,0.31164550012908876
6.375,0.05,0.2,1.0,0.14357029180973768
6.375,0.05,0.02,0.0,0.6476028331089765
6.375,0.05,0.01,0.0,1.3355217499192804
6.375,0.05,0.08,1.0,0.3276210830081254
6.375,0.05,0.01,1.0,0.8792784169781953
6.375,0.05,0.2,1.0,0.4235925420653075
6.375,0.05,0.02,1.0,0.7116072920616716
6.375,0.05,0.01,0.0,0.4639237078372389
6.375,0.05,0.08,1.0,0.9516272498294711
6.375,0.05,0.52,0.0,0.663640416925773
6.375,0.05,0.03,0.0,0.5195829169824719
6.375,0.05,0.52,1.0,0.5675799581222236
6.375,0.05,0.2,1.0,1.0795292919501662
6.375,0.05,0.01,0.0,0.8563860000576824
6.375,0.05,0.03,1.0,0.3116401669103652
6.375,0.05,0.02,0.0,0.9916289998218417
6.375,0.05,0.01,1.0,0.3116249998565763
6.375,0.05,0.08,1.0,0.3675767919048667
6.375,0.05,0.01,0.0,0.5439335419796407
6.375,0.05,0.2,1.0,0.47195499995723367
6.375,0.05,0.52,1.0,0.4556126669049263
6.375,0.05,0.03,0.0,0.4319464999716729
6.375,0.05,0.08,1.0,0.6556120000313967
6.375,0.05,0.01,1.0,0.7586829999927431
6.375,0.05,0.02,0.0,0.536016957834363
6.375,0.05,0.2,1.0,0.4156172079965472
6.375,0.05,0.08,1.0,0.5355600831098855
6.375,0.05,0.02,0.0,0.45558462501503527
6.375,0.05,0.01,1.0,0.7355639999732375
6.375,0.05,0.52,1.0,0.5116119578015059
6.375,0.05,0.01,1.0,0.4316287918481976
6.375,0.05,0.03,1.0,0.4795388749334961
6.375,0.05,0.02,1.0,0.5196521249599755
6.375,0.05,0.03,1.0,0.36756387492641807
6.375,0.05,0.08,1.0,0.3836445000488311
6.375,0.05,0.01,1.0,0.4636034998111427
6.375,0.05,0.52,1.0,0.2875406250823289
6.375,0.05,0.2,1.0,0.335799542022869
6.375,0.05,0.01,0.0,0.39217770798131824
6.375,0.05,0.01,0.0,0.4635904999449849
6.375,0.05,0.01,0.0,0.43954012519679964
6.375,0.05,0.52,1.0,1.6955979589838535
6.375,0.05,0.02,1.0,0.1835832498036325
6.375,0.05,0.08,1.0,0.44759841612540185
6.375,0.05,0.2,1.0,0.2959345420822501
6.375,0.05,0.03,1.0,0.4875682501588017
6.375,0.05,0.01,0.0,0.43164558289572597
6.375,0.05,0.01,1.0,0.42351929214783013
6.375,0.05,0.2,1.0,0.19958591694012284
6.375,0.05,0.02,1.0,0.48753941687755287
6.375,0.05,0.08,1.0,0.35939975013025105
6.375,0.05,0.03,1.0,0.41558420890942216
6.375,0.05,0.52,1.0,0.1595433340407908
6.375,0.05,0.2,1.0,0.1595424588304013
6.375,0.05,0.02,1.0,0.511557332938537
6.375,0.05,0.08,1.0,0.3835569580551237
6.375,0.05,0.01,0.0,0.5363122499547899
6.375,0.05,0.52,1.0,0.13592916703782976
6.375,0.05,0.01,0.0,0.4956185829360038
6.375,0.05,0.03,0.0,0.4079615829978138
6.375,0.05,0.2,1.0,0.3278869579080492
6.375,0.05,0.02,0.0,0.39991445816121995
6.375,0.05,0.01,0.0,0.41561654186807573
6.375,0.05,0.03,1.0,0.3996068749111146
6.375,0.05,0.52,1.0,0.3276022500358522
6.375,0.05,0.08,1.0,0.27992175007238984
6.375,0.05,0.01,0.0,0.38366349996067584
6.375,0.05,0.52,1.0,0.22357887495309114
6.375,0.05,0.01,1.0,0.27011424978263676
6.375,0.05,0.08,1.0,0.2714038749691099
6.375,0.05,0.01,0.0,0.20754120917990804
6.375,0.05,0.2,1.0,0.15959554188884795
6.375,0.05,0.02,1.0,0.2235812081489712
6.375,0.05,0.03,1.0,0.1835240840446204
6.375,0.05,0.03,1.0,0.11156508279964328
6.375,0.05,0.02,1.0,0.0877516670152545
6.375,0.05,0.08,0.0,0.2796131249051541
6.375,0.05,0.01,0.0,0.45498783397488296
6.375,0.05,0.2,1.0,0.24759800010360777
6.375,0.05,0.01,0.0,0.3119380830321461
6.375,0.05,0.52,1.0,0.32759704208001494
6.375,0.05,0.02,0.0,0.3196607909630984
6.375,0.05,0.03,0.0,0.4389543340075761
6.375,0.05,0.2,1.0,0.7035926659591496
6.375,0.05,0.01,1.0,0.3595989579334855
6.375,0.05,0.01,1.0,0.3119655840564519
6.375,0.05,0.52,1.0,0.2956162919290364
6.375,0.05,0.08,1.0,0.11965683312155306
6.375,0.05,0.52,1.0,0.279600250069052
6.375,0.05,0.01,0.0,0.48753154091537
6.375,0.05,0.02,0.0,0.5100263748317957
6.375,0.05,0.2,1.0,0.2875941670499742
6.375,0.05,0.01,0.0,0.4555953750386834
6.375,0.05,0.03,0.0,0.24753462499938905
6.375,0.05,0.08,1.0,0.3036087912041694
6.375,0.05,0.52,1.0,0.25556499999947846
6.375,0.05,0.02,0.0,0.4304886250756681
6.375,0.05,0.01,0.0,0.4396534999832511
6.375,0.05,0.08,1.0,0.3996007500682026
6.375,0.05,0.2,1.0,0.31959283305332065
6.375,0.05,0.03,1.0,0.6555990420747548
6.375,0.05,0.01,1.0,0.3441032499540597
6.375,0.05,0.02,1.0,0.4796389171388
6.375,0.05,0.01,0.0,0.383596875006333
6.375,0.05,0.01,1.0,0.2719686250202358
6.375,0.05,0.03,1.0,0.3759166249074042
6.375,0.05,0.2,1.0,0.31991674983873963
6.375,0.05,0.52,1.0,0.6553870409261435
6.375,0.05,0.08,1.0,0.23159666685387492
6.375,0.05,0.01,0.0,0.551558833103627
6.375,0.05,0.08,1.0,0.35164491599425673
6.375,0.05,0.01,0.0,0.6796303750015795
6.375,0.05,0.03,1.0,0.36773358401842415
6.375,0.05,0.02,1.0,0.5675740828737617
6.375,0.05,0.52,1.0,0.7196244581136853
6.375,0.05,0.2,1.0,0.21592350001446903
6.375,0.05,0.02,1.0,0.6795810000039637
6.375,0.05,0.01,1.0,0.5356610410381109
6.375,0.05,0.01,0.0,0.7676155001390725
6.375,0.05,0.2,1.0,0.24755408288910985
6.375,0.05,0.52,1.0,0.8716524578630924
6.375,0.05,0.03,1.0,0.4396229588892311
6.375,0.05,0.08,1.0,0.3915999580640346
6.375,0.05,0.01,0.0,0.7036254999693483
6.375,0.05,0.2,1.0,0.7756421670783311
6.375,0.05,0.03,0.0,0.4790396250318736
6.375,0.05,0.01,0.0,0.31984200002625585
6.375,0.05,0.08,1.0,0.2475601660553366
6.375,0.05,0.02,0.0,0.5596367497928441
6.375,0.05,0.52,1.0,0.4398918328806758
